audio_name,label,video_name,source_video,audio_exists,unique_video_id,split
Caucasian (American)_men_id01172_00015_id01210_wavtolip.wav,fake,00015_id01210_wavtolip,C:\Users\Shivaaya\Desktop\PrsimShieldAI\datasets\FakeAVCeleb_v1.2\FakeAVCeleb_v1.2\FakeVideo-FakeAudio\Caucasian (American)\men\id01172\00015_id01210_wavtolip.mp4,True,Caucasian (American)_men_id01172_00015,train
African_men_id01236_00005_id02296_wavtolip.wav,fake,00005_id02296_wavtolip,C:\Users\Shivaaya\Desktop\PrsimShieldAI\datasets\FakeAVCeleb_v1.2\FakeAVCeleb_v1.2\FakeVideo-FakeAudio\African\men\id01236\00005_id02296_wavtolip.mp4,True,African_men_id01236_00005,train
African_women_id02838_00080_id03713_wavtolip.wav,fake,00080_id03713_wavtolip,C:\Users\Shivaaya\Desktop\PrsimShieldAI\datasets\FakeAVCeleb_v1.2\FakeAVCeleb_v1.2\FakeVideo-FakeAudio\African\women\id02838\00080_id03713_wavtolip.mp4,True,African_women_id02838_00080,train
Asian (South)_men_id07194_00014_id07195_wXqfHGtaBn4_id08314_wavtolip.wav,fake,00014_id07195_wXqfHGtaBn4_id08314_wavtolip,C:\Users\Shivaaya\Desktop\PrsimShieldAI\datasets\FakeAVCeleb_v1.2\FakeAVCeleb_v1.2\FakeVideo-FakeAudio\Asian (South)\men\id07194\00014_id07195_wXqfHGtaBn4_id08314_wavtolip.mp4,True,Asian (South)_men_id07194_00014,train
African_men_id02268_00036.wav,real,00036,C:\Users\Shivaaya\Desktop\PrsimShieldAI\datasets\FakeAVCeleb_v1.2\FakeAVCeleb_v1.2\RealVideo-RealAudio\African\men\id02268\00036.mp4,True,African_men_id02268_00036,val
Asian (East)_men_id01589_00017_id03889_C54Tw6xrc4U_faceswap_id05332_wavtolip.wav,fake,00017_id03889_C54Tw6xrc4U_faceswap_id05332_wavtolip,C:\Users\Shivaaya\Desktop\PrsimShieldAI\datasets\FakeAVCeleb_v1.2\FakeAVCeleb_v1.2\FakeVideo-FakeAudio\Asian (East)\men\id01589\00017_id03889_C54Tw6xrc4U_faceswap_id05332_wavtolip.mp4,True,Asian (East)_men_id01589_00017,train
Asian (South)_men_id00350_00015_id08313_t6WZ9KCaXBM_id08457_wavtolip.wav,fake,00015_id08313_t6WZ9KCaXBM_id08457_wavtolip,C:\Users\Shivaaya\Desktop\PrsimShieldAI\datasets\FakeAVCeleb_v1.2\FakeAVCeleb_v1.2\FakeVideo-FakeAudio\Asian (South)\men\id00350\00015_id08313_t6WZ9KCaXBM_id08457_wavtolip.mp4,True,Asian (South)_men_id00350_00015,train
African_women_id00829_00271_id01838_wavtolip.wav,fake,00271_id01838_wavtolip,C:\Users\Shivaaya\Desktop\PrsimShieldAI\datasets\FakeAVCeleb_v1.2\FakeAVCeleb_v1.2\FakeVideo-FakeAudio\African\women\id00829\00271_id01838_wavtolip.mp4,True,African_women_id00829_00271,train
Asian (South)_women_id07008_00175_id04070_wavtolip.wav,fake,00175_id04070_wavtolip,C:\Users\Shivaaya\Desktop\PrsimShieldAI\datasets\FakeAVCeleb_v1.2\FakeAVCeleb_v1.2\FakeVideo-FakeAudio\Asian (South)\women\id07008\00175_id04070_wavtolip.mp4,True,Asian (South)_women_id07008_00175,val
Asian (South)_women_id07008_00175.wav,real,00175,C:\Users\Shivaaya\Desktop\PrsimShieldAI\datasets\FakeAVCeleb_v1.2\FakeAVCeleb_v1.2\RealVideo-RealAudio\Asian (South)\women\id07008\00175.mp4,True,Asian (South)_women_id07008_00175,train
Asian (South)_men_id04560_00195_id00082_wavtolip.wav,fake,00195_id00082_wavtolip,C:\Users\Shivaaya\Desktop\PrsimShieldAI\datasets\FakeAVCeleb_v1.2\FakeAVCeleb_v1.2\FakeVideo-FakeAudio\Asian (South)\men\id04560\00195_id00082_wavtolip.mp4,True,Asian (South)_men_id04560_00195,train
Caucasian (American)_women_id01004_00028.wav,real,00028,C:\Users\Shivaaya\Desktop\PrsimShieldAI\datasets\FakeAVCeleb_v1.2\FakeAVCeleb_v1.2\RealVideo-RealAudio\Caucasian (American)\women\id01004\00028.mp4,True,Caucasian (American)_women_id01004_00028,train
Asian (South)_women_id00488_00028_id05434_wavtolip.wav,fake,00028_id05434_wavtolip,C:\Users\Shivaaya\Desktop\PrsimShieldAI\datasets\FakeAVCeleb_v1.2\FakeAVCeleb_v1.2\FakeVideo-FakeAudio\Asian (South)\women\id00488\00028_id05434_wavtolip.mp4,True,Asian (South)_women_id00488_00028,train
Caucasian (American)_women_id00848_00028_id00618__TwV2SmUIlY_id00381_wavtolip.wav,fake,00028_id00618__TwV2SmUIlY_id00381_wavtolip,C:\Users\Shivaaya\Desktop\PrsimShieldAI\datasets\FakeAVCeleb_v1.2\FakeAVCeleb_v1.2\FakeVideo-FakeAudio\Caucasian (American)\women\id00848\00028_id00618__TwV2SmUIlY_id00381_wavtolip.mp4,True,Caucasian (American)_women_id00848_00028,test
Asian (South)_women_id06437_00028_id06438_vf3xBVgYqYA_faceswap_id02089_wavtolip.wav,fake,00028_id06438_vf3xBVgYqYA_faceswap_id02089_wavtolip,C:\Users\Shivaaya\Desktop\PrsimShieldAI\datasets\FakeAVCeleb_v1.2\FakeAVCeleb_v1.2\FakeVideo-FakeAudio\Asian (South)\women\id06437\00028_id06438_vf3xBVgYqYA_faceswap_id02089_wavtolip.mp4,True,Asian (South)_women_id06437_00028,test
Caucasian (European)_women_id03816_00093_id00395_wavtolip.wav,fake,00093_id00395_wavtolip,C:\Users\Shivaaya\Desktop\PrsimShieldAI\datasets\FakeAVCeleb_v1.2\FakeAVCeleb_v1.2\FakeVideo-FakeAudio\Caucasian (European)\women\id03816\00093_id00395_wavtolip.mp4,True,Caucasian (European)_women_id03816_00093,val
Asian (South)_women_id04070_00072.wav,real,00072,C:\Users\Shivaaya\Desktop\PrsimShieldAI\datasets\FakeAVCeleb_v1.2\FakeAVCeleb_v1.2\RealVideo-RealAudio\Asian (South)\women\id04070\00072.mp4,True,Asian (South)_women_id04070_00072,train
Asian (South)_men_id08313_00202_id03945_wavtolip.wav,fake,00202_id03945_wavtolip,C:\Users\Shivaaya\Desktop\PrsimShieldAI\datasets\FakeAVCeleb_v1.2\FakeAVCeleb_v1.2\FakeVideo-FakeAudio\Asian (South)\men\id08313\00202_id03945_wavtolip.mp4,True,Asian (South)_men_id08313_00202,val
Caucasian (American)_men_id01044_00336_id01175_wavtolip.wav,fake,00336_id01175_wavtolip,C:\Users\Shivaaya\Desktop\PrsimShieldAI\datasets\FakeAVCeleb_v1.2\FakeAVCeleb_v1.2\FakeVideo-FakeAudio\Caucasian (American)\men\id01044\00336_id01175_wavtolip.mp4,True,Caucasian (American)_men_id01044_00336,train
Asian (East)_men_id01683_00052.wav,real,00052,C:\Users\Shivaaya\Desktop\PrsimShieldAI\datasets\FakeAVCeleb_v1.2\FakeAVCeleb_v1.2\RealVideo-RealAudio\Asian (East)\men\id01683\00052.mp4,True,Asian (East)_men_id01683_00052,train
Asian (South)_men_id04601_00118_id04560_RlpdjaEmxXQ_faceswap_id00459_wavtolip.wav,fake,00118_id04560_RlpdjaEmxXQ_faceswap_id00459_wavtolip,C:\Users\Shivaaya\Desktop\PrsimShieldAI\datasets\FakeAVCeleb_v1.2\FakeAVCeleb_v1.2\FakeVideo-FakeAudio\Asian (South)\men\id04601\00118_id04560_RlpdjaEmxXQ_faceswap_id00459_wavtolip.mp4,True,Asian (South)_men_id04601_00118,train
African_men_id01972_00078.wav,real,00078,C:\Users\Shivaaya\Desktop\PrsimShieldAI\datasets\FakeAVCeleb_v1.2\FakeAVCeleb_v1.2\RealVideo-RealAudio\African\men\id01972\00078.mp4,True,African_men_id01972_00078,train
Caucasian (American)_men_id00943_00304.wav,real,00304,C:\Users\Shivaaya\Desktop\PrsimShieldAI\datasets\FakeAVCeleb_v1.2\FakeAVCeleb_v1.2\RealVideo-RealAudio\Caucasian (American)\men\id00943\00304.mp4,True,Caucasian (American)_men_id00943_00304,val
African_women_id04437_00002_id00460_wavtolip.wav,fake,00002_id00460_wavtolip,C:\Users\Shivaaya\Desktop\PrsimShieldAI\datasets\FakeAVCeleb_v1.2\FakeAVCeleb_v1.2\FakeVideo-FakeAudio\African\women\id04437\00002_id00460_wavtolip.mp4,True,African_women_id04437_00002,train
Caucasian (European)_men_id01052_00076.wav,real,00076,C:\Users\Shivaaya\Desktop\PrsimShieldAI\datasets\FakeAVCeleb_v1.2\FakeAVCeleb_v1.2\RealVideo-RealAudio\Caucasian (European)\men\id01052\00076.mp4,True,Caucasian (European)_men_id01052_00076,train
African_women_id03658_00077.wav,real,00077,C:\Users\Shivaaya\Desktop\PrsimShieldAI\datasets\FakeAVCeleb_v1.2\FakeAVCeleb_v1.2\RealVideo-RealAudio\African\women\id03658\00077.mp4,True,African_women_id03658_00077,train
Caucasian (American)_men_id00062_00278.wav,real,00278,C:\Users\Shivaaya\Desktop\PrsimShieldAI\datasets\FakeAVCeleb_v1.2\FakeAVCeleb_v1.2\RealVideo-RealAudio\Caucasian (American)\men\id00062\00278.mp4,True,Caucasian (American)_men_id00062_00278,train
Caucasian (American)_women_id03781_00113_id01217_wavtolip.wav,fake,00113_id01217_wavtolip,C:\Users\Shivaaya\Desktop\PrsimShieldAI\datasets\FakeAVCeleb_v1.2\FakeAVCeleb_v1.2\FakeVideo-FakeAudio\Caucasian (American)\women\id03781\00113_id01217_wavtolip.mp4,True,Caucasian (American)_women_id03781_00113,test
Asian (East)_women_id00582_00006_id01281_wavtolip.wav,fake,00006_id01281_wavtolip,C:\Users\Shivaaya\Desktop\PrsimShieldAI\datasets\FakeAVCeleb_v1.2\FakeAVCeleb_v1.2\FakeVideo-FakeAudio\Asian (East)\women\id00582\00006_id01281_wavtolip.mp4,True,Asian (East)_women_id00582_00006,val
Asian (East)_women_id03379_00032_id06443_wavtolip.wav,fake,00032_id06443_wavtolip,C:\Users\Shivaaya\Desktop\PrsimShieldAI\datasets\FakeAVCeleb_v1.2\FakeAVCeleb_v1.2\FakeVideo-FakeAudio\Asian (East)\women\id03379\00032_id06443_wavtolip.mp4,True,Asian (East)_women_id03379_00032,test
Asian (East)_women_id06443_00232.wav,real,00232,C:\Users\Shivaaya\Desktop\PrsimShieldAI\datasets\FakeAVCeleb_v1.2\FakeAVCeleb_v1.2\RealVideo-RealAudio\Asian (East)\women\id06443\00232.mp4,True,Asian (East)_women_id06443_00232,train
Asian (South)_women_id07078_00405.wav,real,00405,C:\Users\Shivaaya\Desktop\PrsimShieldAI\datasets\FakeAVCeleb_v1.2\FakeAVCeleb_v1.2\RealVideo-RealAudio\Asian (South)\women\id07078\00405.mp4,True,Asian (South)_women_id07078_00405,train
Caucasian (European)_women_id00634_00078_id00495_E46aiMUC4A0_id00328_wavtolip.wav,fake,00078_id00495_E46aiMUC4A0_id00328_wavtolip,C:\Users\Shivaaya\Desktop\PrsimShieldAI\datasets\FakeAVCeleb_v1.2\FakeAVCeleb_v1.2\FakeVideo-FakeAudio\Caucasian (European)\women\id00634\00078_id00495_E46aiMUC4A0_id00328_wavtolip.mp4,True,Caucasian (European)_women_id00634_00078,train
Caucasian (European)_women_id00071_00014.wav,real,00014,C:\Users\Shivaaya\Desktop\PrsimShieldAI\datasets\FakeAVCeleb_v1.2\FakeAVCeleb_v1.2\RealVideo-RealAudio\Caucasian (European)\women\id00071\00014.mp4,True,Caucasian (European)_women_id00071_00014,test
Asian (South)_men_id07179_00206.wav,real,00206,C:\Users\Shivaaya\Desktop\PrsimShieldAI\datasets\FakeAVCeleb_v1.2\FakeAVCeleb_v1.2\RealVideo-RealAudio\Asian (South)\men\id07179\00206.mp4,True,Asian (South)_men_id07179_00206,val
Asian (South)_men_id04928_00027.wav,real,00027,C:\Users\Shivaaya\Desktop\PrsimShieldAI\datasets\FakeAVCeleb_v1.2\FakeAVCeleb_v1.2\RealVideo-RealAudio\Asian (South)\men\id04928\00027.mp4,True,Asian (South)_men_id04928_00027,train
Caucasian (European)_women_id00232_00025_id00484_u7YTz8eFZv0_id00270_wavtolip.wav,fake,00025_id00484_u7YTz8eFZv0_id00270_wavtolip,C:\Users\Shivaaya\Desktop\PrsimShieldAI\datasets\FakeAVCeleb_v1.2\FakeAVCeleb_v1.2\FakeVideo-FakeAudio\Caucasian (European)\women\id00232\00025_id00484_u7YTz8eFZv0_id00270_wavtolip.mp4,True,Caucasian (European)_women_id00232_00025,train
Asian (South)_men_id00816_00118_id04562_qio_Gs7wjvY_id03344_wavtolip (1).wav,fake,00118_id04562_qio_Gs7wjvY_id03344_wavtolip (1),C:\Users\Shivaaya\Desktop\PrsimShieldAI\datasets\FakeAVCeleb_v1.2\FakeAVCeleb_v1.2\FakeVideo-FakeAudio\Asian (South)\men\id00816\00118_id04562_qio_Gs7wjvY_id03344_wavtolip (1).mp4,True,Asian (South)_men_id00816_00118,train
Caucasian (European)_women_id00325_00015_id03844_wavtolip.wav,fake,00015_id03844_wavtolip,C:\Users\Shivaaya\Desktop\PrsimShieldAI\datasets\FakeAVCeleb_v1.2\FakeAVCeleb_v1.2\FakeVideo-FakeAudio\Caucasian (European)\women\id00325\00015_id03844_wavtolip.mp4,True,Caucasian (European)_women_id00325_00015,val
Asian (South)_men_id00816_00118.wav,real,00118,C:\Users\Shivaaya\Desktop\PrsimShieldAI\datasets\FakeAVCeleb_v1.2\FakeAVCeleb_v1.2\RealVideo-RealAudio\Asian (South)\men\id00816\00118.mp4,True,Asian (South)_men_id00816_00118,train
Asian (East)_men_id02561_02561.wav,real,02561,C:\Users\Shivaaya\Desktop\PrsimShieldAI\datasets\FakeAVCeleb_v1.2\FakeAVCeleb_v1.2\RealVideo-RealAudio\Asian (East)\men\id02561\02561.mp4,True,Asian (East)_men_id02561_02561,train
African_women_id04055_00001.wav,real,00001,C:\Users\Shivaaya\Desktop\PrsimShieldAI\datasets\FakeAVCeleb_v1.2\FakeAVCeleb_v1.2\RealVideo-RealAudio\African\women\id04055\00001.mp4,True,African_women_id04055_00001,train
Caucasian (European)_men_id00305_00113.wav,real,00113,C:\Users\Shivaaya\Desktop\PrsimShieldAI\datasets\FakeAVCeleb_v1.2\FakeAVCeleb_v1.2\RealVideo-RealAudio\Caucasian (European)\men\id00305\00113.mp4,True,Caucasian (European)_men_id00305_00113,train
Caucasian (American)_women_id00555_00005_id00428_Kr7n-68JWww_faceswap_id03556_wavtolip.wav,fake,00005_id00428_Kr7n-68JWww_faceswap_id03556_wavtolip,C:\Users\Shivaaya\Desktop\PrsimShieldAI\datasets\FakeAVCeleb_v1.2\FakeAVCeleb_v1.2\FakeVideo-FakeAudio\Caucasian (American)\women\id00555\00005_id00428_Kr7n-68JWww_faceswap_id03556_wavtolip.mp4,True,Caucasian (American)_women_id00555_00005,test
Caucasian (American)_men_id01042_00154.wav,real,00154,C:\Users\Shivaaya\Desktop\PrsimShieldAI\datasets\FakeAVCeleb_v1.2\FakeAVCeleb_v1.2\RealVideo-RealAudio\Caucasian (American)\men\id01042\00154.mp4,True,Caucasian (American)_men_id01042_00154,train
African_men_id00173_00118.wav,real,00118,C:\Users\Shivaaya\Desktop\PrsimShieldAI\datasets\FakeAVCeleb_v1.2\FakeAVCeleb_v1.2\RealVideo-RealAudio\African\men\id00173\00118.mp4,True,African_men_id00173_00118,train
Caucasian (European)_women_id00374_00311_id00897_wavtolip.wav,fake,00311_id00897_wavtolip,C:\Users\Shivaaya\Desktop\PrsimShieldAI\datasets\FakeAVCeleb_v1.2\FakeAVCeleb_v1.2\FakeVideo-FakeAudio\Caucasian (European)\women\id00374\00311_id00897_wavtolip.mp4,True,Caucasian (European)_women_id00374_00311,test
Asian (East)_women_id08402_00092_id04144_wavtolip.wav,fake,00092_id04144_wavtolip,C:\Users\Shivaaya\Desktop\PrsimShieldAI\datasets\FakeAVCeleb_v1.2\FakeAVCeleb_v1.2\FakeVideo-FakeAudio\Asian (East)\women\id08402\00092_id04144_wavtolip.mp4,True,Asian (East)_women_id08402_00092,train
Asian (South)_women_id02310_00139.wav,real,00139,C:\Users\Shivaaya\Desktop\PrsimShieldAI\datasets\FakeAVCeleb_v1.2\FakeAVCeleb_v1.2\RealVideo-RealAudio\Asian (South)\women\id02310\00139.mp4,True,Asian (South)_women_id02310_00139,test
Caucasian (American)_men_id00264_00257_id03678_wavtolip.wav,fake,00257_id03678_wavtolip,C:\Users\Shivaaya\Desktop\PrsimShieldAI\datasets\FakeAVCeleb_v1.2\FakeAVCeleb_v1.2\FakeVideo-FakeAudio\Caucasian (American)\men\id00264\00257_id03678_wavtolip.mp4,True,Caucasian (American)_men_id00264_00257,train
Asian (South)_women_id04564_00417_id05931_bFqu86NV3hk_id06343_wavtolip.wav,fake,00417_id05931_bFqu86NV3hk_id06343_wavtolip,C:\Users\Shivaaya\Desktop\PrsimShieldAI\datasets\FakeAVCeleb_v1.2\FakeAVCeleb_v1.2\FakeVideo-FakeAudio\Asian (South)\women\id04564\00417_id05931_bFqu86NV3hk_id06343_wavtolip.mp4,True,Asian (South)_women_id04564_00417,train
Caucasian (American)_men_id00049_00118_id00696_7PrURACjhqU_id03757_wavtolip.wav,fake,00118_id00696_7PrURACjhqU_id03757_wavtolip,C:\Users\Shivaaya\Desktop\PrsimShieldAI\datasets\FakeAVCeleb_v1.2\FakeAVCeleb_v1.2\FakeVideo-FakeAudio\Caucasian (American)\men\id00049\00118_id00696_7PrURACjhqU_id03757_wavtolip.mp4,True,Caucasian (American)_men_id00049_00118,val
Asian (East)_women_id07039_00105.wav,real,00105,C:\Users\Shivaaya\Desktop\PrsimShieldAI\datasets\FakeAVCeleb_v1.2\FakeAVCeleb_v1.2\RealVideo-RealAudio\Asian (East)\women\id07039\00105.mp4,True,Asian (East)_women_id07039_00105,train
African_men_id00173_00118_id01691_wavtolip.wav,fake,00118_id01691_wavtolip,C:\Users\Shivaaya\Desktop\PrsimShieldAI\datasets\FakeAVCeleb_v1.2\FakeAVCeleb_v1.2\FakeVideo-FakeAudio\African\men\id00173\00118_id01691_wavtolip.mp4,True,African_men_id00173_00118,train
Asian (East)_men_id03168_03168.wav,real,03168,C:\Users\Shivaaya\Desktop\PrsimShieldAI\datasets\FakeAVCeleb_v1.2\FakeAVCeleb_v1.2\RealVideo-RealAudio\Asian (East)\men\id03168\03168.mp4,True,Asian (East)_men_id03168_03168,train
Caucasian (American)_women_id00848_00028.wav,real,00028,C:\Users\Shivaaya\Desktop\PrsimShieldAI\datasets\FakeAVCeleb_v1.2\FakeAVCeleb_v1.2\RealVideo-RealAudio\Caucasian (American)\women\id00848\00028.mp4,True,Caucasian (American)_women_id00848_00028,train
Caucasian (European)_men_id00520_00187_id00559_wavtolip.wav,fake,00187_id00559_wavtolip,C:\Users\Shivaaya\Desktop\PrsimShieldAI\datasets\FakeAVCeleb_v1.2\FakeAVCeleb_v1.2\FakeVideo-FakeAudio\Caucasian (European)\men\id00520\00187_id00559_wavtolip.mp4,True,Caucasian (European)_men_id00520_00187,train
Asian (East)_men_id06535_00183.wav,real,00183,C:\Users\Shivaaya\Desktop\PrsimShieldAI\datasets\FakeAVCeleb_v1.2\FakeAVCeleb_v1.2\RealVideo-RealAudio\Asian (East)\men\id06535\00183.mp4,True,Asian (East)_men_id06535_00183,train
Caucasian (European)_men_id00415_00017.wav,real,00017,C:\Users\Shivaaya\Desktop\PrsimShieldAI\datasets\FakeAVCeleb_v1.2\FakeAVCeleb_v1.2\RealVideo-RealAudio\Caucasian (European)\men\id00415\00017.mp4,True,Caucasian (European)_men_id00415_00017,train
African_men_id00987_00160_id00518_qm7oQcDg4oI_id01528_wavtolip.wav,fake,00160_id00518_qm7oQcDg4oI_id01528_wavtolip,C:\Users\Shivaaya\Desktop\PrsimShieldAI\datasets\FakeAVCeleb_v1.2\FakeAVCeleb_v1.2\FakeVideo-FakeAudio\African\men\id00987\00160_id00518_qm7oQcDg4oI_id01528_wavtolip.mp4,True,African_men_id00987_00160,train
Asian (East)_men_id06776_00021.wav,real,00021,C:\Users\Shivaaya\Desktop\PrsimShieldAI\datasets\FakeAVCeleb_v1.2\FakeAVCeleb_v1.2\RealVideo-RealAudio\Asian (East)\men\id06776\00021.mp4,True,Asian (East)_men_id06776_00021,train
African_men_id01598_00044.wav,real,00044,C:\Users\Shivaaya\Desktop\PrsimShieldAI\datasets\FakeAVCeleb_v1.2\FakeAVCeleb_v1.2\RealVideo-RealAudio\African\men\id01598\00044.mp4,True,African_men_id01598_00044,train
Caucasian (European)_men_id01058_00005_2_id00694_wavtolip.wav,fake,00005_2_id00694_wavtolip,C:\Users\Shivaaya\Desktop\PrsimShieldAI\datasets\FakeAVCeleb_v1.2\FakeAVCeleb_v1.2\FakeVideo-FakeAudio\Caucasian (European)\men\id01058\00005_2_id00694_wavtolip.mp4,True,Caucasian (European)_men_id01058_00005,train
Asian (East)_women_id00935_00005.wav,real,00005,C:\Users\Shivaaya\Desktop\PrsimShieldAI\datasets\FakeAVCeleb_v1.2\FakeAVCeleb_v1.2\RealVideo-RealAudio\Asian (East)\women\id00935\00005.mp4,True,Asian (East)_women_id00935_00005,train
Caucasian (American)_women_id00231_00037_id00180_lkeAa8Od_tg_id01225_wavtolip.wav,fake,00037_id00180_lkeAa8Od_tg_id01225_wavtolip,C:\Users\Shivaaya\Desktop\PrsimShieldAI\datasets\FakeAVCeleb_v1.2\FakeAVCeleb_v1.2\FakeVideo-FakeAudio\Caucasian (American)\women\id00231\00037_id00180_lkeAa8Od_tg_id01225_wavtolip.mp4,True,Caucasian (American)_women_id00231_00037,train
Caucasian (European)_women_id03620_00081_id00496_SImaDcXQnh8_faceswap_id00234_wavtolip.wav,fake,00081_id00496_SImaDcXQnh8_faceswap_id00234_wavtolip,C:\Users\Shivaaya\Desktop\PrsimShieldAI\datasets\FakeAVCeleb_v1.2\FakeAVCeleb_v1.2\FakeVideo-FakeAudio\Caucasian (European)\women\id03620\00081_id00496_SImaDcXQnh8_faceswap_id00234_wavtolip.mp4,True,Caucasian (European)_women_id03620_00081,train
Asian (South)_men_id00033_00276_id00032_AQMDc6SKNXs_id00082_wavtolip.wav,fake,00276_id00032_AQMDc6SKNXs_id00082_wavtolip,C:\Users\Shivaaya\Desktop\PrsimShieldAI\datasets\FakeAVCeleb_v1.2\FakeAVCeleb_v1.2\FakeVideo-FakeAudio\Asian (South)\men\id00033\00276_id00032_AQMDc6SKNXs_id00082_wavtolip.mp4,True,Asian (South)_men_id00033_00276,train
Caucasian (American)_men_id04219_00130_id00529_xtx2GeQN-DQ_id00052_wavtolip.wav,fake,00130_id00529_xtx2GeQN-DQ_id00052_wavtolip,C:\Users\Shivaaya\Desktop\PrsimShieldAI\datasets\FakeAVCeleb_v1.2\FakeAVCeleb_v1.2\FakeVideo-FakeAudio\Caucasian (American)\men\id04219\00130_id00529_xtx2GeQN-DQ_id00052_wavtolip.mp4,True,Caucasian (American)_men_id04219_00130,val
African_men_id00518_00031.wav,real,00031,C:\Users\Shivaaya\Desktop\PrsimShieldAI\datasets\FakeAVCeleb_v1.2\FakeAVCeleb_v1.2\RealVideo-RealAudio\African\men\id00518\00031.mp4,True,African_men_id00518_00031,train
African_men_id01076_00005_id01171_wavtolip.wav,fake,00005_id01171_wavtolip,C:\Users\Shivaaya\Desktop\PrsimShieldAI\datasets\FakeAVCeleb_v1.2\FakeAVCeleb_v1.2\FakeVideo-FakeAudio\African\men\id01076\00005_id01171_wavtolip.mp4,True,African_men_id01076_00005,train
Caucasian (European)_men_id00183_00015.wav,real,00015,C:\Users\Shivaaya\Desktop\PrsimShieldAI\datasets\FakeAVCeleb_v1.2\FakeAVCeleb_v1.2\RealVideo-RealAudio\Caucasian (European)\men\id00183\00015.mp4,True,Caucasian (European)_men_id00183_00015,train
Caucasian (American)_men_id00049_00118.wav,real,00118,C:\Users\Shivaaya\Desktop\PrsimShieldAI\datasets\FakeAVCeleb_v1.2\FakeAVCeleb_v1.2\RealVideo-RealAudio\Caucasian (American)\men\id00049\00118.mp4,True,Caucasian (American)_men_id00049_00118,test
Asian (East)_men_id03168_03168_id03168_wavtolip.wav,fake,03168_id03168_wavtolip,C:\Users\Shivaaya\Desktop\PrsimShieldAI\datasets\FakeAVCeleb_v1.2\FakeAVCeleb_v1.2\FakeVideo-FakeAudio\Asian (East)\men\id03168\03168_id03168_wavtolip.mp4,True,Asian (East)_men_id03168_03168,train
Caucasian (European)_men_id00282_00268_id01098_wavtolip.wav,fake,00268_id01098_wavtolip,C:\Users\Shivaaya\Desktop\PrsimShieldAI\datasets\FakeAVCeleb_v1.2\FakeAVCeleb_v1.2\FakeVideo-FakeAudio\Caucasian (European)\men\id00282\00268_id01098_wavtolip.mp4,True,Caucasian (European)_men_id00282_00268,train
Caucasian (American)_men_id00052_00015.wav,real,00015,C:\Users\Shivaaya\Desktop\PrsimShieldAI\datasets\FakeAVCeleb_v1.2\FakeAVCeleb_v1.2\RealVideo-RealAudio\Caucasian (American)\men\id00052\00015.mp4,True,Caucasian (American)_men_id00052_00015,train
Asian (South)_women_id06428_00043.wav,real,00043,C:\Users\Shivaaya\Desktop\PrsimShieldAI\datasets\FakeAVCeleb_v1.2\FakeAVCeleb_v1.2\RealVideo-RealAudio\Asian (South)\women\id06428\00043.mp4,True,Asian (South)_women_id06428_00043,train
Caucasian (American)_men_id04216_00470_id00029_TGpCGl036qk_id01192_wavtolip.wav,fake,00470_id00029_TGpCGl036qk_id01192_wavtolip,C:\Users\Shivaaya\Desktop\PrsimShieldAI\datasets\FakeAVCeleb_v1.2\FakeAVCeleb_v1.2\FakeVideo-FakeAudio\Caucasian (American)\men\id04216\00470_id00029_TGpCGl036qk_id01192_wavtolip.mp4,True,Caucasian (American)_men_id04216_00470,train
Caucasian (European)_women_id00188_00020.wav,real,00020,C:\Users\Shivaaya\Desktop\PrsimShieldAI\datasets\FakeAVCeleb_v1.2\FakeAVCeleb_v1.2\RealVideo-RealAudio\Caucasian (European)\women\id00188\00020.mp4,True,Caucasian (European)_women_id00188_00020,train
Asian (East)_men_id00126_00173_id04884_eq_wk7h1Gzo_faceswap_id00863_wavtolip.wav,fake,00173_id04884_eq_wk7h1Gzo_faceswap_id00863_wavtolip,C:\Users\Shivaaya\Desktop\PrsimShieldAI\datasets\FakeAVCeleb_v1.2\FakeAVCeleb_v1.2\FakeVideo-FakeAudio\Asian (East)\men\id00126\00173_id04884_eq_wk7h1Gzo_faceswap_id00863_wavtolip.mp4,True,Asian (East)_men_id00126_00173,train
Asian (East)_women_id04414_00001.wav,real,00001,C:\Users\Shivaaya\Desktop\PrsimShieldAI\datasets\FakeAVCeleb_v1.2\FakeAVCeleb_v1.2\RealVideo-RealAudio\Asian (East)\women\id04414\00001.mp4,True,Asian (East)_women_id04414_00001,train
Asian (East)_women_id00137_00025_id00582_9gvF6IohoUI_id04414_wavtolip.wav,fake,00025_id00582_9gvF6IohoUI_id04414_wavtolip,C:\Users\Shivaaya\Desktop\PrsimShieldAI\datasets\FakeAVCeleb_v1.2\FakeAVCeleb_v1.2\FakeVideo-FakeAudio\Asian (East)\women\id00137\00025_id00582_9gvF6IohoUI_id04414_wavtolip.mp4,True,Asian (East)_women_id00137_00025,train
Asian (South)_men_id00459_00382.wav,real,00382,C:\Users\Shivaaya\Desktop\PrsimShieldAI\datasets\FakeAVCeleb_v1.2\FakeAVCeleb_v1.2\RealVideo-RealAudio\Asian (South)\men\id00459\00382.mp4,True,Asian (South)_men_id00459_00382,train
Asian (East)_women_id00579_00030.wav,real,00030,C:\Users\Shivaaya\Desktop\PrsimShieldAI\datasets\FakeAVCeleb_v1.2\FakeAVCeleb_v1.2\RealVideo-RealAudio\Asian (East)\women\id00579\00030.mp4,True,Asian (East)_women_id00579_00030,train
Caucasian (American)_women_id00398_00016.wav,real,00016,C:\Users\Shivaaya\Desktop\PrsimShieldAI\datasets\FakeAVCeleb_v1.2\FakeAVCeleb_v1.2\RealVideo-RealAudio\Caucasian (American)\women\id00398\00016.mp4,True,Caucasian (American)_women_id00398_00016,train
Asian (East)_women_id07739_00019.wav,real,00019,C:\Users\Shivaaya\Desktop\PrsimShieldAI\datasets\FakeAVCeleb_v1.2\FakeAVCeleb_v1.2\RealVideo-RealAudio\Asian (East)\women\id07739\00019.mp4,True,Asian (East)_women_id07739_00019,train
Asian (South)_men_id04554_00118_id00860_RGYyzn7hiCo_faceswap_id04562_wavtolip.wav,fake,00118_id00860_RGYyzn7hiCo_faceswap_id04562_wavtolip,C:\Users\Shivaaya\Desktop\PrsimShieldAI\datasets\FakeAVCeleb_v1.2\FakeAVCeleb_v1.2\FakeVideo-FakeAudio\Asian (South)\men\id04554\00118_id00860_RGYyzn7hiCo_faceswap_id04562_wavtolip.mp4,True,Asian (South)_men_id04554_00118,train
African_women_id02071_00195_id00359_RZMQan-7me4_id00707_wavtolip.wav,fake,00195_id00359_RZMQan-7me4_id00707_wavtolip,C:\Users\Shivaaya\Desktop\PrsimShieldAI\datasets\FakeAVCeleb_v1.2\FakeAVCeleb_v1.2\FakeVideo-FakeAudio\African\women\id02071\00195_id00359_RZMQan-7me4_id00707_wavtolip.mp4,True,African_women_id02071_00195,test
Caucasian (European)_men_id00358_00217_id00535_BhvTIJ-YG5s_id01156_wavtolip.wav,fake,00217_id00535_BhvTIJ-YG5s_id01156_wavtolip,C:\Users\Shivaaya\Desktop\PrsimShieldAI\datasets\FakeAVCeleb_v1.2\FakeAVCeleb_v1.2\FakeVideo-FakeAudio\Caucasian (European)\men\id00358\00217_id00535_BhvTIJ-YG5s_id01156_wavtolip.mp4,True,Caucasian (European)_men_id00358_00217,train
Asian (South)_women_id03815_00118_1_id00043_wavtolip.wav,fake,00118_1_id00043_wavtolip,C:\Users\Shivaaya\Desktop\PrsimShieldAI\datasets\FakeAVCeleb_v1.2\FakeAVCeleb_v1.2\FakeVideo-FakeAudio\Asian (South)\women\id03815\00118_1_id00043_wavtolip.mp4,True,Asian (South)_women_id03815_00118,train
Caucasian (American)_women_id01248_00005.wav,real,00005,C:\Users\Shivaaya\Desktop\PrsimShieldAI\datasets\FakeAVCeleb_v1.2\FakeAVCeleb_v1.2\RealVideo-RealAudio\Caucasian (American)\women\id01248\00005.mp4,True,Caucasian (American)_women_id01248_00005,train
Asian (South)_women_id06439_00118.wav,real,00118,C:\Users\Shivaaya\Desktop\PrsimShieldAI\datasets\FakeAVCeleb_v1.2\FakeAVCeleb_v1.2\RealVideo-RealAudio\Asian (South)\women\id06439\00118.mp4,True,Asian (South)_women_id06439_00118,val
Caucasian (European)_men_id00919_00063.wav,real,00063,C:\Users\Shivaaya\Desktop\PrsimShieldAI\datasets\FakeAVCeleb_v1.2\FakeAVCeleb_v1.2\RealVideo-RealAudio\Caucasian (European)\men\id00919\00063.mp4,True,Caucasian (European)_men_id00919_00063,test
Asian (South)_women_id03897_00021_id06254_wavtolip.wav,fake,00021_id06254_wavtolip,C:\Users\Shivaaya\Desktop\PrsimShieldAI\datasets\FakeAVCeleb_v1.2\FakeAVCeleb_v1.2\FakeVideo-FakeAudio\Asian (South)\women\id03897\00021_id06254_wavtolip.mp4,True,Asian (South)_women_id03897_00021,train
Caucasian (European)_women_id00379_00043.wav,real,00043,C:\Users\Shivaaya\Desktop\PrsimShieldAI\datasets\FakeAVCeleb_v1.2\FakeAVCeleb_v1.2\RealVideo-RealAudio\Caucasian (European)\women\id00379\00043.mp4,True,Caucasian (European)_women_id00379_00043,train
African_women_id02586_00042_id04939_i4v2cXo9HIQ_id04736_wavtolip.wav,fake,00042_id04939_i4v2cXo9HIQ_id04736_wavtolip,C:\Users\Shivaaya\Desktop\PrsimShieldAI\datasets\FakeAVCeleb_v1.2\FakeAVCeleb_v1.2\FakeVideo-FakeAudio\African\women\id02586\00042_id04939_i4v2cXo9HIQ_id04736_wavtolip.mp4,True,African_women_id02586_00042,train
Asian (South)_men_id00033_00276.wav,real,00276,C:\Users\Shivaaya\Desktop\PrsimShieldAI\datasets\FakeAVCeleb_v1.2\FakeAVCeleb_v1.2\RealVideo-RealAudio\Asian (South)\men\id00033\00276.mp4,True,Asian (South)_men_id00033_00276,test
Asian (East)_men_id04691_1_2_id06470_wavtolip.wav,fake,1_2_id06470_wavtolip,C:\Users\Shivaaya\Desktop\PrsimShieldAI\datasets\FakeAVCeleb_v1.2\FakeAVCeleb_v1.2\FakeVideo-FakeAudio\Asian (East)\men\id04691\1_2_id06470_wavtolip.mp4,True,Asian (East)_men_id04691_1,train
African_men_id00475_00099.wav,real,00099,C:\Users\Shivaaya\Desktop\PrsimShieldAI\datasets\FakeAVCeleb_v1.2\FakeAVCeleb_v1.2\RealVideo-RealAudio\African\men\id00475\00099.mp4,True,African_men_id00475_00099,train
Caucasian (European)_women_id00735_00037.wav,real,00037,C:\Users\Shivaaya\Desktop\PrsimShieldAI\datasets\FakeAVCeleb_v1.2\FakeAVCeleb_v1.2\RealVideo-RealAudio\Caucasian (European)\women\id00735\00037.mp4,True,Caucasian (European)_women_id00735_00037,train
Asian (South)_women_id00080_00281_id03897_wavtolip.wav,fake,00281_id03897_wavtolip,C:\Users\Shivaaya\Desktop\PrsimShieldAI\datasets\FakeAVCeleb_v1.2\FakeAVCeleb_v1.2\FakeVideo-FakeAudio\Asian (South)\women\id00080\00281_id03897_wavtolip.mp4,True,Asian (South)_women_id00080_00281,train
Asian (East)_women_id09125_00098_id06225_wavtolip.wav,fake,00098_id06225_wavtolip,C:\Users\Shivaaya\Desktop\PrsimShieldAI\datasets\FakeAVCeleb_v1.2\FakeAVCeleb_v1.2\FakeVideo-FakeAudio\Asian (East)\women\id09125\00098_id06225_wavtolip.mp4,True,Asian (East)_women_id09125_00098,train
Asian (East)_women_id02807_00032.wav,real,00032,C:\Users\Shivaaya\Desktop\PrsimShieldAI\datasets\FakeAVCeleb_v1.2\FakeAVCeleb_v1.2\RealVideo-RealAudio\Asian (East)\women\id02807\00032.mp4,True,Asian (East)_women_id02807_00032,val
Caucasian (American)_women_id00180_00206_id03605_JGZt9DAhBRs_id00848_wavtolip.wav,fake,00206_id03605_JGZt9DAhBRs_id00848_wavtolip,C:\Users\Shivaaya\Desktop\PrsimShieldAI\datasets\FakeAVCeleb_v1.2\FakeAVCeleb_v1.2\FakeVideo-FakeAudio\Caucasian (American)\women\id00180\00206_id03605_JGZt9DAhBRs_id00848_wavtolip.mp4,True,Caucasian (American)_women_id00180_00206,test
Asian (East)_women_id03940_00025.wav,real,00025,C:\Users\Shivaaya\Desktop\PrsimShieldAI\datasets\FakeAVCeleb_v1.2\FakeAVCeleb_v1.2\RealVideo-RealAudio\Asian (East)\women\id03940\00025.mp4,True,Asian (East)_women_id03940_00025,train
Caucasian (European)_men_id00946_00126_id00999_SjnM4XFBz0M_id01157_wavtolip.wav,fake,00126_id00999_SjnM4XFBz0M_id01157_wavtolip,C:\Users\Shivaaya\Desktop\PrsimShieldAI\datasets\FakeAVCeleb_v1.2\FakeAVCeleb_v1.2\FakeVideo-FakeAudio\Caucasian (European)\men\id00946\00126_id00999_SjnM4XFBz0M_id01157_wavtolip.mp4,True,Caucasian (European)_men_id00946_00126,train
Caucasian (European)_men_id00498_00014_id00192_By3wxX0dyDw_faceswap_id00981_wavtolip.wav,fake,00014_id00192_By3wxX0dyDw_faceswap_id00981_wavtolip,C:\Users\Shivaaya\Desktop\PrsimShieldAI\datasets\FakeAVCeleb_v1.2\FakeAVCeleb_v1.2\FakeVideo-FakeAudio\Caucasian (European)\men\id00498\00014_id00192_By3wxX0dyDw_faceswap_id00981_wavtolip.mp4,True,Caucasian (European)_men_id00498_00014,train
Asian (South)_women_id05434_00052_id07008_wavtolip.wav,fake,00052_id07008_wavtolip,C:\Users\Shivaaya\Desktop\PrsimShieldAI\datasets\FakeAVCeleb_v1.2\FakeAVCeleb_v1.2\FakeVideo-FakeAudio\Asian (South)\women\id05434\00052_id07008_wavtolip.mp4,True,Asian (South)_women_id05434_00052,train
Caucasian (American)_men_id04034_00009_id00529_xtx2GeQN-DQ_id00018_wavtolip.wav,fake,00009_id00529_xtx2GeQN-DQ_id00018_wavtolip,C:\Users\Shivaaya\Desktop\PrsimShieldAI\datasets\FakeAVCeleb_v1.2\FakeAVCeleb_v1.2\FakeVideo-FakeAudio\Caucasian (American)\men\id04034\00009_id00529_xtx2GeQN-DQ_id00018_wavtolip.mp4,True,Caucasian (American)_men_id04034_00009,test
African_men_id01544_00044.wav,real,00044,C:\Users\Shivaaya\Desktop\PrsimShieldAI\datasets\FakeAVCeleb_v1.2\FakeAVCeleb_v1.2\RealVideo-RealAudio\African\men\id01544\00044.mp4,True,African_men_id01544_00044,train
Asian (East)_men_id03168_03168_0_id03168_wavtolip.wav,fake,03168_0_id03168_wavtolip,C:\Users\Shivaaya\Desktop\PrsimShieldAI\datasets\FakeAVCeleb_v1.2\FakeAVCeleb_v1.2\FakeVideo-FakeAudio\Asian (East)\men\id03168\03168_0_id03168_wavtolip.mp4,True,Asian (East)_men_id03168_03168,val
Asian (East)_women_id09174_00015_id09116_wavtolip.wav,fake,00015_id09116_wavtolip,C:\Users\Shivaaya\Desktop\PrsimShieldAI\datasets\FakeAVCeleb_v1.2\FakeAVCeleb_v1.2\FakeVideo-FakeAudio\Asian (East)\women\id09174\00015_id09116_wavtolip.mp4,True,Asian (East)_women_id09174_00015,train
Caucasian (European)_men_id00187_00360_id00225_MHSgwpfHAXw_id00415_wavtolip.wav,fake,00360_id00225_MHSgwpfHAXw_id00415_wavtolip,C:\Users\Shivaaya\Desktop\PrsimShieldAI\datasets\FakeAVCeleb_v1.2\FakeAVCeleb_v1.2\FakeVideo-FakeAudio\Caucasian (European)\men\id00187\00360_id00225_MHSgwpfHAXw_id00415_wavtolip.mp4,True,Caucasian (European)_men_id00187_00360,train
African_men_id01691_00045_id01691_wavtolip.wav,fake,00045_id01691_wavtolip,C:\Users\Shivaaya\Desktop\PrsimShieldAI\datasets\FakeAVCeleb_v1.2\FakeAVCeleb_v1.2\FakeVideo-FakeAudio\African\men\id01691\00045_id01691_wavtolip.mp4,True,African_men_id01691_00045,test
Asian (South)_women_id02619_00015_id05434_wavtolip.wav,fake,00015_id05434_wavtolip,C:\Users\Shivaaya\Desktop\PrsimShieldAI\datasets\FakeAVCeleb_v1.2\FakeAVCeleb_v1.2\FakeVideo-FakeAudio\Asian (South)\women\id02619\00015_id05434_wavtolip.mp4,True,Asian (South)_women_id02619_00015,train
Asian (South)_men_id04537_00083.wav,real,00083,C:\Users\Shivaaya\Desktop\PrsimShieldAI\datasets\FakeAVCeleb_v1.2\FakeAVCeleb_v1.2\RealVideo-RealAudio\Asian (South)\men\id04537\00083.mp4,True,Asian (South)_men_id04537_00083,train
Asian (East)_women_id00137_00025.wav,real,00025,C:\Users\Shivaaya\Desktop\PrsimShieldAI\datasets\FakeAVCeleb_v1.2\FakeAVCeleb_v1.2\RealVideo-RealAudio\Asian (East)\women\id00137\00025.mp4,True,Asian (East)_women_id00137_00025,test
African_men_id01920_00099.wav,real,00099,C:\Users\Shivaaya\Desktop\PrsimShieldAI\datasets\FakeAVCeleb_v1.2\FakeAVCeleb_v1.2\RealVideo-RealAudio\African\men\id01920\00099.mp4,True,African_men_id01920_00099,train
Caucasian (European)_men_id01126_00040_id00241_DlI4wqSFwbI_id01051_wavtolip.wav,fake,00040_id00241_DlI4wqSFwbI_id01051_wavtolip,C:\Users\Shivaaya\Desktop\PrsimShieldAI\datasets\FakeAVCeleb_v1.2\FakeAVCeleb_v1.2\FakeVideo-FakeAudio\Caucasian (European)\men\id01126\00040_id00241_DlI4wqSFwbI_id01051_wavtolip.mp4,True,Caucasian (European)_men_id01126_00040,test
Asian (East)_men_id05743_00015_id00597_uJ61GYESokY_id00863_wavtolip.wav,fake,00015_id00597_uJ61GYESokY_id00863_wavtolip,C:\Users\Shivaaya\Desktop\PrsimShieldAI\datasets\FakeAVCeleb_v1.2\FakeAVCeleb_v1.2\FakeVideo-FakeAudio\Asian (East)\men\id05743\00015_id00597_uJ61GYESokY_id00863_wavtolip.mp4,True,Asian (East)_men_id05743_00015,train
Asian (East)_women_id07383_00011.wav,real,00011,C:\Users\Shivaaya\Desktop\PrsimShieldAI\datasets\FakeAVCeleb_v1.2\FakeAVCeleb_v1.2\RealVideo-RealAudio\Asian (East)\women\id07383\00011.mp4,True,Asian (East)_women_id07383_00011,train
Caucasian (American)_women_id00100_00028_1_id00381_wavtolip.wav,fake,00028_1_id00381_wavtolip,C:\Users\Shivaaya\Desktop\PrsimShieldAI\datasets\FakeAVCeleb_v1.2\FakeAVCeleb_v1.2\FakeVideo-FakeAudio\Caucasian (American)\women\id00100\00028_1_id00381_wavtolip.mp4,True,Caucasian (American)_women_id00100_00028,val
Caucasian (European)_men_id00265_00130.wav,real,00130,C:\Users\Shivaaya\Desktop\PrsimShieldAI\datasets\FakeAVCeleb_v1.2\FakeAVCeleb_v1.2\RealVideo-RealAudio\Caucasian (European)\men\id00265\00130.mp4,True,Caucasian (European)_men_id00265_00130,test
Caucasian (American)_men_id01163_00195_id00775_wavtolip.wav,fake,00195_id00775_wavtolip,C:\Users\Shivaaya\Desktop\PrsimShieldAI\datasets\FakeAVCeleb_v1.2\FakeAVCeleb_v1.2\FakeVideo-FakeAudio\Caucasian (American)\men\id01163\00195_id00775_wavtolip.mp4,True,Caucasian (American)_men_id01163_00195,train
Caucasian (American)_men_id00708_00043.wav,real,00043,C:\Users\Shivaaya\Desktop\PrsimShieldAI\datasets\FakeAVCeleb_v1.2\FakeAVCeleb_v1.2\RealVideo-RealAudio\Caucasian (American)\men\id00708\00043.mp4,True,Caucasian (American)_men_id00708_00043,train
Caucasian (American)_women_id00575_00092.wav,real,00092,C:\Users\Shivaaya\Desktop\PrsimShieldAI\datasets\FakeAVCeleb_v1.2\FakeAVCeleb_v1.2\RealVideo-RealAudio\Caucasian (American)\women\id00575\00092.mp4,True,Caucasian (American)_women_id00575_00092,train
Asian (South)_women_id04490_00054_id00739_CT-6UmfLiU0_id06439_wavtolip.wav,fake,00054_id00739_CT-6UmfLiU0_id06439_wavtolip,C:\Users\Shivaaya\Desktop\PrsimShieldAI\datasets\FakeAVCeleb_v1.2\FakeAVCeleb_v1.2\FakeVideo-FakeAudio\Asian (South)\women\id04490\00054_id00739_CT-6UmfLiU0_id06439_wavtolip.mp4,True,Asian (South)_women_id04490_00054,train
Caucasian (European)_women_id00325_00015_id00188_wavtolip.wav,fake,00015_id00188_wavtolip,C:\Users\Shivaaya\Desktop\PrsimShieldAI\datasets\FakeAVCeleb_v1.2\FakeAVCeleb_v1.2\FakeVideo-FakeAudio\Caucasian (European)\women\id00325\00015_id00188_wavtolip.mp4,True,Caucasian (European)_women_id00325_00015,train
Asian (East)_women_id04057_00015.wav,real,00015,C:\Users\Shivaaya\Desktop\PrsimShieldAI\datasets\FakeAVCeleb_v1.2\FakeAVCeleb_v1.2\RealVideo-RealAudio\Asian (East)\women\id04057\00015.mp4,True,Asian (East)_women_id04057_00015,test
Caucasian (American)_men_id01124_00063_id00708_wavtolip.wav,fake,00063_id00708_wavtolip,C:\Users\Shivaaya\Desktop\PrsimShieldAI\datasets\FakeAVCeleb_v1.2\FakeAVCeleb_v1.2\FakeVideo-FakeAudio\Caucasian (American)\men\id01124\00063_id00708_wavtolip.mp4,True,Caucasian (American)_men_id01124_00063,val
African_men_id01036_00010_id02040_wavtolip.wav,fake,00010_id02040_wavtolip,C:\Users\Shivaaya\Desktop\PrsimShieldAI\datasets\FakeAVCeleb_v1.2\FakeAVCeleb_v1.2\FakeVideo-FakeAudio\African\men\id01036\00010_id02040_wavtolip.mp4,True,African_men_id01036_00010,train
Asian (South)_men_id04537_00083_id00860_RGYyzn7hiCo_id00773_wavtolip.wav,fake,00083_id00860_RGYyzn7hiCo_id00773_wavtolip,C:\Users\Shivaaya\Desktop\PrsimShieldAI\datasets\FakeAVCeleb_v1.2\FakeAVCeleb_v1.2\FakeVideo-FakeAudio\Asian (South)\men\id04537\00083_id00860_RGYyzn7hiCo_id00773_wavtolip.mp4,True,Asian (South)_men_id04537_00083,train
Asian (South)_men_id07179_00206_id07165_oJ_iy16IBTM_faceswap_id07233_wavtolip.wav,fake,00206_id07165_oJ_iy16IBTM_faceswap_id07233_wavtolip,C:\Users\Shivaaya\Desktop\PrsimShieldAI\datasets\FakeAVCeleb_v1.2\FakeAVCeleb_v1.2\FakeVideo-FakeAudio\Asian (South)\men\id07179\00206_id07165_oJ_iy16IBTM_faceswap_id07233_wavtolip.mp4,True,Asian (South)_men_id07179_00206,train
Asian (East)_men_id04111_00015.wav,real,00015,C:\Users\Shivaaya\Desktop\PrsimShieldAI\datasets\FakeAVCeleb_v1.2\FakeAVCeleb_v1.2\RealVideo-RealAudio\Asian (East)\men\id04111\00015.mp4,True,Asian (East)_men_id04111_00015,train
Asian (South)_women_id06445_00150_id04530_wavtolip.wav,fake,00150_id04530_wavtolip,C:\Users\Shivaaya\Desktop\PrsimShieldAI\datasets\FakeAVCeleb_v1.2\FakeAVCeleb_v1.2\FakeVideo-FakeAudio\Asian (South)\women\id06445\00150_id04530_wavtolip.mp4,True,Asian (South)_women_id06445_00150,test
African_men_id00076_00109_9_id01528_wavtolip.wav,fake,00109_9_id01528_wavtolip,C:\Users\Shivaaya\Desktop\PrsimShieldAI\datasets\FakeAVCeleb_v1.2\FakeAVCeleb_v1.2\FakeVideo-FakeAudio\African\men\id00076\00109_9_id01528_wavtolip.mp4,True,African_men_id00076_00109,train
Caucasian (American)_women_id00431_00039.wav,real,00039,C:\Users\Shivaaya\Desktop\PrsimShieldAI\datasets\FakeAVCeleb_v1.2\FakeAVCeleb_v1.2\RealVideo-RealAudio\Caucasian (American)\women\id00431\00039.mp4,True,Caucasian (American)_women_id00431_00039,train
Asian (South)_women_id05434_00052.wav,real,00052,C:\Users\Shivaaya\Desktop\PrsimShieldAI\datasets\FakeAVCeleb_v1.2\FakeAVCeleb_v1.2\RealVideo-RealAudio\Asian (South)\women\id05434\00052.mp4,True,Asian (South)_women_id05434_00052,train
Caucasian (European)_men_id01098_00044.wav,real,00044,C:\Users\Shivaaya\Desktop\PrsimShieldAI\datasets\FakeAVCeleb_v1.2\FakeAVCeleb_v1.2\RealVideo-RealAudio\Caucasian (European)\men\id01098\00044.mp4,True,Caucasian (European)_men_id01098_00044,train
Asian (East)_women_id06060_00219.wav,real,00219,C:\Users\Shivaaya\Desktop\PrsimShieldAI\datasets\FakeAVCeleb_v1.2\FakeAVCeleb_v1.2\RealVideo-RealAudio\Asian (East)\women\id06060\00219.mp4,True,Asian (East)_women_id06060_00219,train
Caucasian (European)_men_id00241_00015.wav,real,00015,C:\Users\Shivaaya\Desktop\PrsimShieldAI\datasets\FakeAVCeleb_v1.2\FakeAVCeleb_v1.2\RealVideo-RealAudio\Caucasian (European)\men\id00241\00015.mp4,True,Caucasian (European)_men_id00241_00015,train
Asian (East)_men_id05743_00015.wav,real,00015,C:\Users\Shivaaya\Desktop\PrsimShieldAI\datasets\FakeAVCeleb_v1.2\FakeAVCeleb_v1.2\RealVideo-RealAudio\Asian (East)\men\id05743\00015.mp4,True,Asian (East)_men_id05743_00015,train
Caucasian (American)_men_id03668_00143.wav,real,00143,C:\Users\Shivaaya\Desktop\PrsimShieldAI\datasets\FakeAVCeleb_v1.2\FakeAVCeleb_v1.2\RealVideo-RealAudio\Caucasian (American)\men\id03668\00143.mp4,True,Caucasian (American)_men_id03668_00143,train
Asian (South)_men_id07194_00014_id04537_wavtolip.wav,fake,00014_id04537_wavtolip,C:\Users\Shivaaya\Desktop\PrsimShieldAI\datasets\FakeAVCeleb_v1.2\FakeAVCeleb_v1.2\FakeVideo-FakeAudio\Asian (South)\men\id07194\00014_id04537_wavtolip.mp4,True,Asian (South)_men_id07194_00014,train
Caucasian (European)_women_id00491_00122.wav,real,00122,C:\Users\Shivaaya\Desktop\PrsimShieldAI\datasets\FakeAVCeleb_v1.2\FakeAVCeleb_v1.2\RealVideo-RealAudio\Caucasian (European)\women\id00491\00122.mp4,True,Caucasian (European)_women_id00491_00122,train
Asian (South)_men_id00745_00165_id06354_PmWLmcJNUhM_id00033_wavtolip.wav,fake,00165_id06354_PmWLmcJNUhM_id00033_wavtolip,C:\Users\Shivaaya\Desktop\PrsimShieldAI\datasets\FakeAVCeleb_v1.2\FakeAVCeleb_v1.2\FakeVideo-FakeAudio\Asian (South)\men\id00745\00165_id06354_PmWLmcJNUhM_id00033_wavtolip.mp4,True,Asian (South)_men_id00745_00165,val
African_men_id00076_00109_2_id01598_wavtolip.wav,fake,00109_2_id01598_wavtolip,C:\Users\Shivaaya\Desktop\PrsimShieldAI\datasets\FakeAVCeleb_v1.2\FakeAVCeleb_v1.2\FakeVideo-FakeAudio\African\men\id00076\00109_2_id01598_wavtolip.mp4,True,African_men_id00076_00109,val
Asian (East)_women_id00363_00014_id08139_wavtolip.wav,fake,00014_id08139_wavtolip,C:\Users\Shivaaya\Desktop\PrsimShieldAI\datasets\FakeAVCeleb_v1.2\FakeAVCeleb_v1.2\FakeVideo-FakeAudio\Asian (East)\women\id00363\00014_id08139_wavtolip.mp4,True,Asian (East)_women_id00363_00014,train
Asian (East)_men_id04774_00032.wav,real,00032,C:\Users\Shivaaya\Desktop\PrsimShieldAI\datasets\FakeAVCeleb_v1.2\FakeAVCeleb_v1.2\RealVideo-RealAudio\Asian (East)\men\id04774\00032.mp4,True,Asian (East)_men_id04774_00032,train
African_men_id01170_00021_id01597_52WEZxe4_GE_id01076_wavtolip.wav,fake,00021_id01597_52WEZxe4_GE_id01076_wavtolip,C:\Users\Shivaaya\Desktop\PrsimShieldAI\datasets\FakeAVCeleb_v1.2\FakeAVCeleb_v1.2\FakeVideo-FakeAudio\African\men\id01170\00021_id01597_52WEZxe4_GE_id01076_wavtolip.mp4,True,African_men_id01170_00021,train
Asian (East)_women_id04066_00013.wav,real,00013,C:\Users\Shivaaya\Desktop\PrsimShieldAI\datasets\FakeAVCeleb_v1.2\FakeAVCeleb_v1.2\RealVideo-RealAudio\Asian (East)\women\id04066\00013.mp4,True,Asian (East)_women_id04066_00013,train
Caucasian (American)_men_id01239_00280_id03525_wavtolip.wav,fake,00280_id03525_wavtolip,C:\Users\Shivaaya\Desktop\PrsimShieldAI\datasets\FakeAVCeleb_v1.2\FakeAVCeleb_v1.2\FakeVideo-FakeAudio\Caucasian (American)\men\id01239\00280_id03525_wavtolip.mp4,True,Caucasian (American)_men_id01239_00280,train
Asian (South)_women_id06232_00025.wav,real,00025,C:\Users\Shivaaya\Desktop\PrsimShieldAI\datasets\FakeAVCeleb_v1.2\FakeAVCeleb_v1.2\RealVideo-RealAudio\Asian (South)\women\id06232\00025.mp4,True,Asian (South)_women_id06232_00025,train
Asian (East)_women_id06054_00010_id09116_wavtolip.wav,fake,00010_id09116_wavtolip,C:\Users\Shivaaya\Desktop\PrsimShieldAI\datasets\FakeAVCeleb_v1.2\FakeAVCeleb_v1.2\FakeVideo-FakeAudio\Asian (East)\women\id06054\00010_id09116_wavtolip.mp4,True,Asian (East)_women_id06054_00010,test
Caucasian (American)_women_id03707_00055.wav,real,00055,C:\Users\Shivaaya\Desktop\PrsimShieldAI\datasets\FakeAVCeleb_v1.2\FakeAVCeleb_v1.2\RealVideo-RealAudio\Caucasian (American)\women\id03707\00055.mp4,True,Caucasian (American)_women_id03707_00055,test
Caucasian (European)_men_id00548_00015_id01098_wavtolip.wav,fake,00015_id01098_wavtolip,C:\Users\Shivaaya\Desktop\PrsimShieldAI\datasets\FakeAVCeleb_v1.2\FakeAVCeleb_v1.2\FakeVideo-FakeAudio\Caucasian (European)\men\id00548\00015_id01098_wavtolip.mp4,True,Caucasian (European)_men_id00548_00015,test
Caucasian (American)_men_id01168_00028.wav,real,00028,C:\Users\Shivaaya\Desktop\PrsimShieldAI\datasets\FakeAVCeleb_v1.2\FakeAVCeleb_v1.2\RealVideo-RealAudio\Caucasian (American)\men\id01168\00028.mp4,True,Caucasian (American)_men_id01168_00028,test
African_women_id02301_00092.wav,real,00092,C:\Users\Shivaaya\Desktop\PrsimShieldAI\datasets\FakeAVCeleb_v1.2\FakeAVCeleb_v1.2\RealVideo-RealAudio\African\women\id02301\00092.mp4,True,African_women_id02301_00092,train
Caucasian (American)_women_id00616_00305_id01231_wavtolip.wav,fake,00305_id01231_wavtolip,C:\Users\Shivaaya\Desktop\PrsimShieldAI\datasets\FakeAVCeleb_v1.2\FakeAVCeleb_v1.2\FakeVideo-FakeAudio\Caucasian (American)\women\id00616\00305_id01231_wavtolip.mp4,True,Caucasian (American)_women_id00616_00305,train
Caucasian (European)_women_id00403_00052.wav,real,00052,C:\Users\Shivaaya\Desktop\PrsimShieldAI\datasets\FakeAVCeleb_v1.2\FakeAVCeleb_v1.2\RealVideo-RealAudio\Caucasian (European)\women\id00403\00052.mp4,True,Caucasian (European)_women_id00403_00052,train
Caucasian (American)_men_id01124_00063_id01239_wavtolip.wav,fake,00063_id01239_wavtolip,C:\Users\Shivaaya\Desktop\PrsimShieldAI\datasets\FakeAVCeleb_v1.2\FakeAVCeleb_v1.2\FakeVideo-FakeAudio\Caucasian (American)\men\id01124\00063_id01239_wavtolip.mp4,True,Caucasian (American)_men_id01124_00063,val
Asian (South)_women_id04070_00072_id07051_wavtolip.wav,fake,00072_id07051_wavtolip,C:\Users\Shivaaya\Desktop\PrsimShieldAI\datasets\FakeAVCeleb_v1.2\FakeAVCeleb_v1.2\FakeVideo-FakeAudio\Asian (South)\women\id04070\00072_id07051_wavtolip.mp4,True,Asian (South)_women_id04070_00072,train
African_women_id00592_00017_id02824_wavtolip.wav,fake,00017_id02824_wavtolip,C:\Users\Shivaaya\Desktop\PrsimShieldAI\datasets\FakeAVCeleb_v1.2\FakeAVCeleb_v1.2\FakeVideo-FakeAudio\African\women\id00592\00017_id02824_wavtolip.mp4,True,African_women_id00592_00017,train
Asian (South)_men_id08313_00202_id00773_2j3lUETJ57I_id07058_wavtolip.wav,fake,00202_id00773_2j3lUETJ57I_id07058_wavtolip,C:\Users\Shivaaya\Desktop\PrsimShieldAI\datasets\FakeAVCeleb_v1.2\FakeAVCeleb_v1.2\FakeVideo-FakeAudio\Asian (South)\men\id08313\00202_id00773_2j3lUETJ57I_id07058_wavtolip.mp4,True,Asian (South)_men_id08313_00202,train
Asian (South)_women_id00080_00281_id07136_4e43eS5p3_M_faceswap_id04564_wavtolip.wav,fake,00281_id07136_4e43eS5p3_M_faceswap_id04564_wavtolip,C:\Users\Shivaaya\Desktop\PrsimShieldAI\datasets\FakeAVCeleb_v1.2\FakeAVCeleb_v1.2\FakeVideo-FakeAudio\Asian (South)\women\id00080\00281_id07136_4e43eS5p3_M_faceswap_id04564_wavtolip.mp4,True,Asian (South)_women_id00080_00281,train
Caucasian (European)_women_id00897_00005_id00591_1Jo8xElXQMs_faceswap_id03858_wavtolip.wav,fake,00005_id00591_1Jo8xElXQMs_faceswap_id03858_wavtolip,C:\Users\Shivaaya\Desktop\PrsimShieldAI\datasets\FakeAVCeleb_v1.2\FakeAVCeleb_v1.2\FakeVideo-FakeAudio\Caucasian (European)\women\id00897\00005_id00591_1Jo8xElXQMs_faceswap_id03858_wavtolip.mp4,True,Caucasian (European)_women_id00897_00005,val
Asian (South)_men_id03599_00072_id04554_wavtolip.wav,fake,00072_id04554_wavtolip,C:\Users\Shivaaya\Desktop\PrsimShieldAI\datasets\FakeAVCeleb_v1.2\FakeAVCeleb_v1.2\FakeVideo-FakeAudio\Asian (South)\men\id03599\00072_id04554_wavtolip.mp4,True,Asian (South)_men_id03599_00072,train
Asian (East)_men_id05383_00015.wav,real,00015,C:\Users\Shivaaya\Desktop\PrsimShieldAI\datasets\FakeAVCeleb_v1.2\FakeAVCeleb_v1.2\RealVideo-RealAudio\Asian (East)\men\id05383\00015.mp4,True,Asian (East)_men_id05383_00015,train
African_women_id01783_00015_id01178_wavtolip.wav,fake,00015_id01178_wavtolip,C:\Users\Shivaaya\Desktop\PrsimShieldAI\datasets\FakeAVCeleb_v1.2\FakeAVCeleb_v1.2\FakeVideo-FakeAudio\African\women\id01783\00015_id01178_wavtolip.mp4,True,African_women_id01783_00015,train
Caucasian (American)_men_id04073_00021.wav,real,00021,C:\Users\Shivaaya\Desktop\PrsimShieldAI\datasets\FakeAVCeleb_v1.2\FakeAVCeleb_v1.2\RealVideo-RealAudio\Caucasian (American)\men\id04073\00021.mp4,True,Caucasian (American)_men_id04073_00021,train
Asian (East)_men_id01215_00001.wav,real,00001,C:\Users\Shivaaya\Desktop\PrsimShieldAI\datasets\FakeAVCeleb_v1.2\FakeAVCeleb_v1.2\RealVideo-RealAudio\Asian (East)\men\id01215\00001.mp4,True,Asian (East)_men_id01215_00001,train
Asian (South)_men_id06355_00347.wav,real,00347,C:\Users\Shivaaya\Desktop\PrsimShieldAI\datasets\FakeAVCeleb_v1.2\FakeAVCeleb_v1.2\RealVideo-RealAudio\Asian (South)\men\id06355\00347.mp4,True,Asian (South)_men_id06355_00347,val
African_men_id00076_00109.wav,real,00109,C:\Users\Shivaaya\Desktop\PrsimShieldAI\datasets\FakeAVCeleb_v1.2\FakeAVCeleb_v1.2\RealVideo-RealAudio\African\men\id00076\00109.mp4,True,African_men_id00076_00109,test
Caucasian (European)_men_id01126_00040.wav,real,00040,C:\Users\Shivaaya\Desktop\PrsimShieldAI\datasets\FakeAVCeleb_v1.2\FakeAVCeleb_v1.2\RealVideo-RealAudio\Caucasian (European)\men\id01126\00040.mp4,True,Caucasian (European)_men_id01126_00040,train
Caucasian (American)_women_id00618_00195_id01231_XXpYdOHUF-g_id00180_wavtolip.wav,fake,00195_id01231_XXpYdOHUF-g_id00180_wavtolip,C:\Users\Shivaaya\Desktop\PrsimShieldAI\datasets\FakeAVCeleb_v1.2\FakeAVCeleb_v1.2\FakeVideo-FakeAudio\Caucasian (American)\women\id00618\00195_id01231_XXpYdOHUF-g_id00180_wavtolip.mp4,True,Caucasian (American)_women_id00618_00195,test
African_women_id00829_00271.wav,real,00271,C:\Users\Shivaaya\Desktop\PrsimShieldAI\datasets\FakeAVCeleb_v1.2\FakeAVCeleb_v1.2\RealVideo-RealAudio\African\women\id00829\00271.mp4,True,African_women_id00829_00271,test
African_men_id00391_00052.wav,real,00052,C:\Users\Shivaaya\Desktop\PrsimShieldAI\datasets\FakeAVCeleb_v1.2\FakeAVCeleb_v1.2\RealVideo-RealAudio\African\men\id00391\00052.mp4,True,African_men_id00391_00052,val
Asian (South)_men_id00857_00347.wav,real,00347,C:\Users\Shivaaya\Desktop\PrsimShieldAI\datasets\FakeAVCeleb_v1.2\FakeAVCeleb_v1.2\RealVideo-RealAudio\Asian (South)\men\id00857\00347.mp4,True,Asian (South)_men_id00857_00347,train
African_women_id04245_00072.wav,real,00072,C:\Users\Shivaaya\Desktop\PrsimShieldAI\datasets\FakeAVCeleb_v1.2\FakeAVCeleb_v1.2\RealVideo-RealAudio\African\women\id04245\00072.mp4,True,African_women_id04245_00072,train
Caucasian (European)_women_id03844_00028_id00806_wavtolip.wav,fake,00028_id00806_wavtolip,C:\Users\Shivaaya\Desktop\PrsimShieldAI\datasets\FakeAVCeleb_v1.2\FakeAVCeleb_v1.2\FakeVideo-FakeAudio\Caucasian (European)\women\id03844\00028_id00806_wavtolip.mp4,True,Caucasian (European)_women_id03844_00028,train
Caucasian (American)_men_id01048_00160_3_id01192_wavtolip.wav,fake,00160_3_id01192_wavtolip,C:\Users\Shivaaya\Desktop\PrsimShieldAI\datasets\FakeAVCeleb_v1.2\FakeAVCeleb_v1.2\FakeVideo-FakeAudio\Caucasian (American)\men\id01048\00160_3_id01192_wavtolip.mp4,True,Caucasian (American)_men_id01048_00160,train
Caucasian (European)_women_id00328_00092.wav,real,00092,C:\Users\Shivaaya\Desktop\PrsimShieldAI\datasets\FakeAVCeleb_v1.2\FakeAVCeleb_v1.2\RealVideo-RealAudio\Caucasian (European)\women\id00328\00092.mp4,True,Caucasian (European)_women_id00328_00092,test
Caucasian (European)_men_id00963_00028_id00183_wavtolip.wav,fake,00028_id00183_wavtolip,C:\Users\Shivaaya\Desktop\PrsimShieldAI\datasets\FakeAVCeleb_v1.2\FakeAVCeleb_v1.2\FakeVideo-FakeAudio\Caucasian (European)\men\id00963\00028_id00183_wavtolip.mp4,True,Caucasian (European)_men_id00963_00028,train
Caucasian (American)_women_id03556_00043.wav,real,00043,C:\Users\Shivaaya\Desktop\PrsimShieldAI\datasets\FakeAVCeleb_v1.2\FakeAVCeleb_v1.2\RealVideo-RealAudio\Caucasian (American)\women\id03556\00043.mp4,True,Caucasian (American)_women_id03556_00043,val
Caucasian (American)_women_id02466_00136_id00458_wavtolip.wav,fake,00136_id00458_wavtolip,C:\Users\Shivaaya\Desktop\PrsimShieldAI\datasets\FakeAVCeleb_v1.2\FakeAVCeleb_v1.2\FakeVideo-FakeAudio\Caucasian (American)\women\id02466\00136_id00458_wavtolip.mp4,True,Caucasian (American)_women_id02466_00136,train
Asian (East)_women_id06061_00002_id08397_zvY3EjwSL1Q_faceswap_id01281_wavtolip.wav,fake,00002_id08397_zvY3EjwSL1Q_faceswap_id01281_wavtolip,C:\Users\Shivaaya\Desktop\PrsimShieldAI\datasets\FakeAVCeleb_v1.2\FakeAVCeleb_v1.2\FakeVideo-FakeAudio\Asian (East)\women\id06061\00002_id08397_zvY3EjwSL1Q_faceswap_id01281_wavtolip.mp4,True,Asian (East)_women_id06061_00002,train
Caucasian (American)_men_id01096_00037.wav,real,00037,C:\Users\Shivaaya\Desktop\PrsimShieldAI\datasets\FakeAVCeleb_v1.2\FakeAVCeleb_v1.2\RealVideo-RealAudio\Caucasian (American)\men\id01096\00037.mp4,True,Caucasian (American)_men_id01096_00037,train
Asian (South)_women_id05931_00013.wav,real,00013,C:\Users\Shivaaya\Desktop\PrsimShieldAI\datasets\FakeAVCeleb_v1.2\FakeAVCeleb_v1.2\RealVideo-RealAudio\Asian (South)\women\id05931\00013.mp4,True,Asian (South)_women_id05931_00013,val
Caucasian (American)_women_id01075_00160.wav,real,00160,C:\Users\Shivaaya\Desktop\PrsimShieldAI\datasets\FakeAVCeleb_v1.2\FakeAVCeleb_v1.2\RealVideo-RealAudio\Caucasian (American)\women\id01075\00160.mp4,True,Caucasian (American)_women_id01075_00160,val
Caucasian (American)_men_id00184_00241_id00021_wavtolip.wav,fake,00241_id00021_wavtolip,C:\Users\Shivaaya\Desktop\PrsimShieldAI\datasets\FakeAVCeleb_v1.2\FakeAVCeleb_v1.2\FakeVideo-FakeAudio\Caucasian (American)\men\id00184\00241_id00021_wavtolip.mp4,True,Caucasian (American)_men_id00184_00241,test
Asian (South)_men_id04562_00221_id03599_y27BDmRUqMQ_id04928_wavtolip.wav,fake,00221_id03599_y27BDmRUqMQ_id04928_wavtolip,C:\Users\Shivaaya\Desktop\PrsimShieldAI\datasets\FakeAVCeleb_v1.2\FakeAVCeleb_v1.2\FakeVideo-FakeAudio\Asian (South)\men\id04562\00221_id03599_y27BDmRUqMQ_id04928_wavtolip.mp4,True,Asian (South)_men_id04562_00221,train
African_women_id04705_00408_id05252_CMxIX3absYM_faceswap_id01838_wavtolip.wav,fake,00408_id05252_CMxIX3absYM_faceswap_id01838_wavtolip,C:\Users\Shivaaya\Desktop\PrsimShieldAI\datasets\FakeAVCeleb_v1.2\FakeAVCeleb_v1.2\FakeVideo-FakeAudio\African\women\id04705\00408_id05252_CMxIX3absYM_faceswap_id01838_wavtolip.mp4,True,African_women_id04705_00408,test
Caucasian (American)_women_id01005_00028_id00841_fpsEfICAgxk_id00025_wavtolip.wav,fake,00028_id00841_fpsEfICAgxk_id00025_wavtolip,C:\Users\Shivaaya\Desktop\PrsimShieldAI\datasets\FakeAVCeleb_v1.2\FakeAVCeleb_v1.2\FakeVideo-FakeAudio\Caucasian (American)\women\id01005\00028_id00841_fpsEfICAgxk_id00025_wavtolip.mp4,True,Caucasian (American)_women_id01005_00028,train
Asian (South)_women_id04490_00054_id03985_wavtolip.wav,fake,00054_id03985_wavtolip,C:\Users\Shivaaya\Desktop\PrsimShieldAI\datasets\FakeAVCeleb_v1.2\FakeAVCeleb_v1.2\FakeVideo-FakeAudio\Asian (South)\women\id04490\00054_id03985_wavtolip.mp4,True,Asian (South)_women_id04490_00054,train
Caucasian (European)_men_id00368_00078.wav,real,00078,C:\Users\Shivaaya\Desktop\PrsimShieldAI\datasets\FakeAVCeleb_v1.2\FakeAVCeleb_v1.2\RealVideo-RealAudio\Caucasian (European)\men\id00368\00078.mp4,True,Caucasian (European)_men_id00368_00078,train
Asian (South)_women_id02619_00015.wav,real,00015,C:\Users\Shivaaya\Desktop\PrsimShieldAI\datasets\FakeAVCeleb_v1.2\FakeAVCeleb_v1.2\RealVideo-RealAudio\Asian (South)\women\id02619\00015.mp4,True,Asian (South)_women_id02619_00015,train
Asian (South)_women_id06752_00221.wav,real,00221,C:\Users\Shivaaya\Desktop\PrsimShieldAI\datasets\FakeAVCeleb_v1.2\FakeAVCeleb_v1.2\RealVideo-RealAudio\Asian (South)\women\id06752\00221.mp4,True,Asian (South)_women_id06752_00221,val
Asian (East)_women_id05620_00005.wav,real,00005,C:\Users\Shivaaya\Desktop\PrsimShieldAI\datasets\FakeAVCeleb_v1.2\FakeAVCeleb_v1.2\RealVideo-RealAudio\Asian (East)\women\id05620\00005.mp4,True,Asian (East)_women_id05620_00005,train
Asian (South)_women_id07689_00028.wav,real,00028,C:\Users\Shivaaya\Desktop\PrsimShieldAI\datasets\FakeAVCeleb_v1.2\FakeAVCeleb_v1.2\RealVideo-RealAudio\Asian (South)\women\id07689\00028.mp4,True,Asian (South)_women_id07689_00028,train
Caucasian (American)_men_id01192_00217_id01105_qxMlGJlyfA8_faceswap_id00021_wavtolip.wav,fake,00217_id01105_qxMlGJlyfA8_faceswap_id00021_wavtolip,C:\Users\Shivaaya\Desktop\PrsimShieldAI\datasets\FakeAVCeleb_v1.2\FakeAVCeleb_v1.2\FakeVideo-FakeAudio\Caucasian (American)\men\id01192\00217_id01105_qxMlGJlyfA8_faceswap_id00021_wavtolip.mp4,True,Caucasian (American)_men_id01192_00217,train
Asian (South)_women_id06445_00150.wav,real,00150,C:\Users\Shivaaya\Desktop\PrsimShieldAI\datasets\FakeAVCeleb_v1.2\FakeAVCeleb_v1.2\RealVideo-RealAudio\Asian (South)\women\id06445\00150.mp4,True,Asian (South)_women_id06445_00150,train
Caucasian (European)_men_id01156_00078.wav,real,00078,C:\Users\Shivaaya\Desktop\PrsimShieldAI\datasets\FakeAVCeleb_v1.2\FakeAVCeleb_v1.2\RealVideo-RealAudio\Caucasian (European)\men\id01156\00078.mp4,True,Caucasian (European)_men_id01156_00078,train
African_men_id01856_00006_id00391_TjJgUZaenWI_id04727_wavtolip.wav,fake,00006_id00391_TjJgUZaenWI_id04727_wavtolip,C:\Users\Shivaaya\Desktop\PrsimShieldAI\datasets\FakeAVCeleb_v1.2\FakeAVCeleb_v1.2\FakeVideo-FakeAudio\African\men\id01856\00006_id00391_TjJgUZaenWI_id04727_wavtolip.mp4,True,African_men_id01856_00006,train
Asian (East)_women_id05631_00073_id08397_wavtolip.wav,fake,00073_id08397_wavtolip,C:\Users\Shivaaya\Desktop\PrsimShieldAI\datasets\FakeAVCeleb_v1.2\FakeAVCeleb_v1.2\FakeVideo-FakeAudio\Asian (East)\women\id05631\00073_id08397_wavtolip.mp4,True,Asian (East)_women_id05631_00073,train
Asian (South)_men_id06753_00021_id07463_wavtolip.wav,fake,00021_id07463_wavtolip,C:\Users\Shivaaya\Desktop\PrsimShieldAI\datasets\FakeAVCeleb_v1.2\FakeAVCeleb_v1.2\FakeVideo-FakeAudio\Asian (South)\men\id06753\00021_id07463_wavtolip.mp4,True,Asian (South)_men_id06753_00021,train
Asian (East)_men_id09053_00005_id04789_wavtolip.wav,fake,00005_id04789_wavtolip,C:\Users\Shivaaya\Desktop\PrsimShieldAI\datasets\FakeAVCeleb_v1.2\FakeAVCeleb_v1.2\FakeVideo-FakeAudio\Asian (East)\men\id09053\00005_id04789_wavtolip.mp4,True,Asian (East)_men_id09053_00005,train
Asian (South)_men_id03945_00063_id03180_6wNTK7NkOd8_id03344_wavtolip.wav,fake,00063_id03180_6wNTK7NkOd8_id03344_wavtolip,C:\Users\Shivaaya\Desktop\PrsimShieldAI\datasets\FakeAVCeleb_v1.2\FakeAVCeleb_v1.2\FakeVideo-FakeAudio\Asian (South)\men\id03945\00063_id03180_6wNTK7NkOd8_id03344_wavtolip.mp4,True,Asian (South)_men_id03945_00063,train
Caucasian (European)_men_id00498_00014.wav,real,00014,C:\Users\Shivaaya\Desktop\PrsimShieldAI\datasets\FakeAVCeleb_v1.2\FakeAVCeleb_v1.2\RealVideo-RealAudio\Caucasian (European)\men\id00498\00014.mp4,True,Caucasian (European)_men_id00498_00014,train
Caucasian (American)_men_id00169_00021_id01042_wavtolip.wav,fake,00021_id01042_wavtolip,C:\Users\Shivaaya\Desktop\PrsimShieldAI\datasets\FakeAVCeleb_v1.2\FakeAVCeleb_v1.2\FakeVideo-FakeAudio\Caucasian (American)\men\id00169\00021_id01042_wavtolip.mp4,True,Caucasian (American)_men_id00169_00021,val
Asian (East)_men_id03889_00052.wav,real,00052,C:\Users\Shivaaya\Desktop\PrsimShieldAI\datasets\FakeAVCeleb_v1.2\FakeAVCeleb_v1.2\RealVideo-RealAudio\Asian (East)\men\id03889\00052.mp4,True,Asian (East)_men_id03889_00052,test
Caucasian (European)_women_id00271_00028_id00806_wavtolip.wav,fake,00028_id00806_wavtolip,C:\Users\Shivaaya\Desktop\PrsimShieldAI\datasets\FakeAVCeleb_v1.2\FakeAVCeleb_v1.2\FakeVideo-FakeAudio\Caucasian (European)\women\id00271\00028_id00806_wavtolip.mp4,True,Caucasian (European)_women_id00271_00028,train
Caucasian (European)_men_id02567_00040.wav,real,00040,C:\Users\Shivaaya\Desktop\PrsimShieldAI\datasets\FakeAVCeleb_v1.2\FakeAVCeleb_v1.2\RealVideo-RealAudio\Caucasian (European)\men\id02567\00040.mp4,True,Caucasian (European)_men_id02567_00040,train
Asian (East)_men_id02365_00028.wav,real,00028,C:\Users\Shivaaya\Desktop\PrsimShieldAI\datasets\FakeAVCeleb_v1.2\FakeAVCeleb_v1.2\RealVideo-RealAudio\Asian (East)\men\id02365\00028.mp4,True,Asian (East)_men_id02365_00028,train
African_men_id02268_00036_id02494_lObg47hQleE_id00391_wavtolip.wav,fake,00036_id02494_lObg47hQleE_id00391_wavtolip,C:\Users\Shivaaya\Desktop\PrsimShieldAI\datasets\FakeAVCeleb_v1.2\FakeAVCeleb_v1.2\FakeVideo-FakeAudio\African\men\id02268\00036_id02494_lObg47hQleE_id00391_wavtolip.mp4,True,African_men_id02268_00036,test
Asian (South)_men_id06355_00347_1_id00857_wavtolip.wav,fake,00347_1_id00857_wavtolip,C:\Users\Shivaaya\Desktop\PrsimShieldAI\datasets\FakeAVCeleb_v1.2\FakeAVCeleb_v1.2\FakeVideo-FakeAudio\Asian (South)\men\id06355\00347_1_id00857_wavtolip.mp4,True,Asian (South)_men_id06355_00347,train
African_women_id00568_00384_id04055_0qrzF4HLXHY_id02071_wavtolip.wav,fake,00384_id04055_0qrzF4HLXHY_id02071_wavtolip,C:\Users\Shivaaya\Desktop\PrsimShieldAI\datasets\FakeAVCeleb_v1.2\FakeAVCeleb_v1.2\FakeVideo-FakeAudio\African\women\id00568\00384_id04055_0qrzF4HLXHY_id02071_wavtolip.mp4,True,African_women_id00568_00384,train
Asian (East)_men_id03028_00466.wav,real,00466,C:\Users\Shivaaya\Desktop\PrsimShieldAI\datasets\FakeAVCeleb_v1.2\FakeAVCeleb_v1.2\RealVideo-RealAudio\Asian (East)\men\id03028\00466.mp4,True,Asian (East)_men_id03028_00466,train
Caucasian (American)_women_id00231_00037_id01248_wavtolip.wav,fake,00037_id01248_wavtolip,C:\Users\Shivaaya\Desktop\PrsimShieldAI\datasets\FakeAVCeleb_v1.2\FakeAVCeleb_v1.2\FakeVideo-FakeAudio\Caucasian (American)\women\id00231\00037_id01248_wavtolip.mp4,True,Caucasian (American)_women_id00231_00037,train
African_women_id02838_00080.wav,real,00080,C:\Users\Shivaaya\Desktop\PrsimShieldAI\datasets\FakeAVCeleb_v1.2\FakeAVCeleb_v1.2\RealVideo-RealAudio\African\women\id02838\00080.mp4,True,African_women_id02838_00080,train
African_women_id04820_00015_id04055_wavtolip.wav,fake,00015_id04055_wavtolip,C:\Users\Shivaaya\Desktop\PrsimShieldAI\datasets\FakeAVCeleb_v1.2\FakeAVCeleb_v1.2\FakeVideo-FakeAudio\African\women\id04820\00015_id04055_wavtolip.mp4,True,African_women_id04820_00015,val
Caucasian (American)_women_id00418_00052_id02466_wavtolip.wav,fake,00052_id02466_wavtolip,C:\Users\Shivaaya\Desktop\PrsimShieldAI\datasets\FakeAVCeleb_v1.2\FakeAVCeleb_v1.2\FakeVideo-FakeAudio\Caucasian (American)\women\id00418\00052_id02466_wavtolip.mp4,True,Caucasian (American)_women_id00418_00052,train
Asian (East)_men_id02553_00043.wav,real,00043,C:\Users\Shivaaya\Desktop\PrsimShieldAI\datasets\FakeAVCeleb_v1.2\FakeAVCeleb_v1.2\RealVideo-RealAudio\Asian (East)\men\id02553\00043.mp4,True,Asian (East)_men_id02553_00043,train
Caucasian (American)_women_id03696_00160_id01091_oM2XdIGMM2c_faceswap_id00381_wavtolip.wav,fake,00160_id01091_oM2XdIGMM2c_faceswap_id00381_wavtolip,C:\Users\Shivaaya\Desktop\PrsimShieldAI\datasets\FakeAVCeleb_v1.2\FakeAVCeleb_v1.2\FakeVideo-FakeAudio\Caucasian (American)\women\id03696\00160_id01091_oM2XdIGMM2c_faceswap_id00381_wavtolip.mp4,True,Caucasian (American)_women_id03696_00160,train
African_men_id02005_00052_id01179_RnqLJMrWELw_id00761_wavtolip.wav,fake,00052_id01179_RnqLJMrWELw_id00761_wavtolip,C:\Users\Shivaaya\Desktop\PrsimShieldAI\datasets\FakeAVCeleb_v1.2\FakeAVCeleb_v1.2\FakeVideo-FakeAudio\African\men\id02005\00052_id01179_RnqLJMrWELw_id00761_wavtolip.mp4,True,African_men_id02005_00052,test
Caucasian (American)_men_id01048_00160.wav,real,00160,C:\Users\Shivaaya\Desktop\PrsimShieldAI\datasets\FakeAVCeleb_v1.2\FakeAVCeleb_v1.2\RealVideo-RealAudio\Caucasian (American)\men\id01048\00160.mp4,True,Caucasian (American)_men_id01048_00160,train
African_women_id03747_00273_id02808_wavtolip.wav,fake,00273_id02808_wavtolip,C:\Users\Shivaaya\Desktop\PrsimShieldAI\datasets\FakeAVCeleb_v1.2\FakeAVCeleb_v1.2\FakeVideo-FakeAudio\African\women\id03747\00273_id02808_wavtolip.mp4,True,African_women_id03747_00273,val
African_women_id03569_00065.wav,real,00065,C:\Users\Shivaaya\Desktop\PrsimShieldAI\datasets\FakeAVCeleb_v1.2\FakeAVCeleb_v1.2\RealVideo-RealAudio\African\women\id03569\00065.mp4,True,African_women_id03569_00065,train
Caucasian (American)_men_id01124_00063_id01201_wavtolip.wav,fake,00063_id01201_wavtolip,C:\Users\Shivaaya\Desktop\PrsimShieldAI\datasets\FakeAVCeleb_v1.2\FakeAVCeleb_v1.2\FakeVideo-FakeAudio\Caucasian (American)\men\id01124\00063_id01201_wavtolip.mp4,True,Caucasian (American)_men_id01124_00063,train
Asian (East)_men_id04691_1.wav,real,1,C:\Users\Shivaaya\Desktop\PrsimShieldAI\datasets\FakeAVCeleb_v1.2\FakeAVCeleb_v1.2\RealVideo-RealAudio\Asian (East)\men\id04691\1.mp4,True,Asian (East)_men_id04691_1,val
Asian (East)_men_id00560_00041_id06467_bN8jVda0Byw_id03168_wavtolip.wav,fake,00041_id06467_bN8jVda0Byw_id03168_wavtolip,C:\Users\Shivaaya\Desktop\PrsimShieldAI\datasets\FakeAVCeleb_v1.2\FakeAVCeleb_v1.2\FakeVideo-FakeAudio\Asian (East)\men\id00560\00041_id06467_bN8jVda0Byw_id03168_wavtolip.mp4,True,Asian (East)_men_id00560_00041,val
Caucasian (American)_men_id00775_00092_id00049_S_EHTUF-mQY_faceswap_id00529_wavtolip.wav,fake,00092_id00049_S_EHTUF-mQY_faceswap_id00529_wavtolip,C:\Users\Shivaaya\Desktop\PrsimShieldAI\datasets\FakeAVCeleb_v1.2\FakeAVCeleb_v1.2\FakeVideo-FakeAudio\Caucasian (American)\men\id00775\00092_id00049_S_EHTUF-mQY_faceswap_id00529_wavtolip.mp4,True,Caucasian (American)_men_id00775_00092,train
Caucasian (American)_men_id03525_00048.wav,real,00048,C:\Users\Shivaaya\Desktop\PrsimShieldAI\datasets\FakeAVCeleb_v1.2\FakeAVCeleb_v1.2\RealVideo-RealAudio\Caucasian (American)\men\id03525\00048.mp4,True,Caucasian (American)_men_id03525_00048,train
Caucasian (European)_men_id00990_00160_id01126_wavtolip.wav,fake,00160_id01126_wavtolip,C:\Users\Shivaaya\Desktop\PrsimShieldAI\datasets\FakeAVCeleb_v1.2\FakeAVCeleb_v1.2\FakeVideo-FakeAudio\Caucasian (European)\men\id00990\00160_id01126_wavtolip.mp4,True,Caucasian (European)_men_id00990_00160,test
Caucasian (European)_women_id00332_00293.wav,real,00293,C:\Users\Shivaaya\Desktop\PrsimShieldAI\datasets\FakeAVCeleb_v1.2\FakeAVCeleb_v1.2\RealVideo-RealAudio\Caucasian (European)\women\id00332\00293.mp4,True,Caucasian (European)_women_id00332_00293,test
Caucasian (European)_men_id00183_00015_1_id00520_wavtolip.wav,fake,00015_1_id00520_wavtolip,C:\Users\Shivaaya\Desktop\PrsimShieldAI\datasets\FakeAVCeleb_v1.2\FakeAVCeleb_v1.2\FakeVideo-FakeAudio\Caucasian (European)\men\id00183\00015_1_id00520_wavtolip.mp4,True,Caucasian (European)_men_id00183_00015,train
Caucasian (American)_women_id00097_00162.wav,real,00162,C:\Users\Shivaaya\Desktop\PrsimShieldAI\datasets\FakeAVCeleb_v1.2\FakeAVCeleb_v1.2\RealVideo-RealAudio\Caucasian (American)\women\id00097\00162.mp4,True,Caucasian (American)_women_id00097_00162,train
Asian (South)_men_id08314_00028.wav,real,00028,C:\Users\Shivaaya\Desktop\PrsimShieldAI\datasets\FakeAVCeleb_v1.2\FakeAVCeleb_v1.2\RealVideo-RealAudio\Asian (South)\men\id08314\00028.mp4,True,Asian (South)_men_id08314_00028,train
Caucasian (American)_men_id03678_00078.wav,real,00078,C:\Users\Shivaaya\Desktop\PrsimShieldAI\datasets\FakeAVCeleb_v1.2\FakeAVCeleb_v1.2\RealVideo-RealAudio\Caucasian (American)\men\id03678\00078.mp4,True,Caucasian (American)_men_id03678_00078,train
African_men_id01452_00001_id00478_wavtolip.wav,fake,00001_id00478_wavtolip,C:\Users\Shivaaya\Desktop\PrsimShieldAI\datasets\FakeAVCeleb_v1.2\FakeAVCeleb_v1.2\FakeVideo-FakeAudio\African\men\id01452\00001_id00478_wavtolip.mp4,True,African_men_id01452_00001,test
Caucasian (American)_women_id00616_00305.wav,real,00305,C:\Users\Shivaaya\Desktop\PrsimShieldAI\datasets\FakeAVCeleb_v1.2\FakeAVCeleb_v1.2\RealVideo-RealAudio\Caucasian (American)\women\id00616\00305.mp4,True,Caucasian (American)_women_id00616_00305,train
African_men_id01036_00010.wav,real,00010,C:\Users\Shivaaya\Desktop\PrsimShieldAI\datasets\FakeAVCeleb_v1.2\FakeAVCeleb_v1.2\RealVideo-RealAudio\African\men\id01036\00010.mp4,True,African_men_id01036_00010,train
Caucasian (European)_women_id03716_00040.wav,real,00040,C:\Users\Shivaaya\Desktop\PrsimShieldAI\datasets\FakeAVCeleb_v1.2\FakeAVCeleb_v1.2\RealVideo-RealAudio\Caucasian (European)\women\id03716\00040.mp4,True,Caucasian (European)_women_id03716_00040,train
Caucasian (European)_women_id00634_00078.wav,real,00078,C:\Users\Shivaaya\Desktop\PrsimShieldAI\datasets\FakeAVCeleb_v1.2\FakeAVCeleb_v1.2\RealVideo-RealAudio\Caucasian (European)\women\id00634\00078.mp4,True,Caucasian (European)_women_id00634_00078,train
Caucasian (American)_women_id00272_00195_id00180_lkeAa8Od_tg_id00462_wavtolip.wav,fake,00195_id00180_lkeAa8Od_tg_id00462_wavtolip,C:\Users\Shivaaya\Desktop\PrsimShieldAI\datasets\FakeAVCeleb_v1.2\FakeAVCeleb_v1.2\FakeVideo-FakeAudio\Caucasian (American)\women\id00272\00195_id00180_lkeAa8Od_tg_id00462_wavtolip.mp4,True,Caucasian (American)_women_id00272_00195,train
African_women_id02586_00042_id05980_wavtolip.wav,fake,00042_id05980_wavtolip,C:\Users\Shivaaya\Desktop\PrsimShieldAI\datasets\FakeAVCeleb_v1.2\FakeAVCeleb_v1.2\FakeVideo-FakeAudio\African\women\id02586\00042_id05980_wavtolip.mp4,True,African_women_id02586_00042,train
Caucasian (European)_women_id03620_00081.wav,real,00081,C:\Users\Shivaaya\Desktop\PrsimShieldAI\datasets\FakeAVCeleb_v1.2\FakeAVCeleb_v1.2\RealVideo-RealAudio\Caucasian (European)\women\id03620\00081.mp4,True,Caucasian (European)_women_id03620_00081,train
Caucasian (American)_men_id00060_00307.wav,real,00307,C:\Users\Shivaaya\Desktop\PrsimShieldAI\datasets\FakeAVCeleb_v1.2\FakeAVCeleb_v1.2\RealVideo-RealAudio\Caucasian (American)\men\id00060\00307.mp4,True,Caucasian (American)_men_id00060_00307,train
Caucasian (European)_women_id00373_00028.wav,real,00028,C:\Users\Shivaaya\Desktop\PrsimShieldAI\datasets\FakeAVCeleb_v1.2\FakeAVCeleb_v1.2\RealVideo-RealAudio\Caucasian (European)\women\id00373\00028.mp4,True,Caucasian (European)_women_id00373_00028,test
Caucasian (American)_men_id00345_00243.wav,real,00243,C:\Users\Shivaaya\Desktop\PrsimShieldAI\datasets\FakeAVCeleb_v1.2\FakeAVCeleb_v1.2\RealVideo-RealAudio\Caucasian (American)\men\id00345\00243.mp4,True,Caucasian (American)_men_id00345_00243,train
African_women_id05252_00052.wav,real,00052,C:\Users\Shivaaya\Desktop\PrsimShieldAI\datasets\FakeAVCeleb_v1.2\FakeAVCeleb_v1.2\RealVideo-RealAudio\African\women\id05252\00052.mp4,True,African_women_id05252_00052,train
Asian (East)_men_id07102_00052.wav,real,00052,C:\Users\Shivaaya\Desktop\PrsimShieldAI\datasets\FakeAVCeleb_v1.2\FakeAVCeleb_v1.2\RealVideo-RealAudio\Asian (East)\men\id07102\00052.mp4,True,Asian (East)_men_id07102_00052,train
Asian (South)_women_id03815_00118.wav,real,00118,C:\Users\Shivaaya\Desktop\PrsimShieldAI\datasets\FakeAVCeleb_v1.2\FakeAVCeleb_v1.2\RealVideo-RealAudio\Asian (South)\women\id03815\00118.mp4,True,Asian (South)_women_id03815_00118,train
Caucasian (European)_men_id00292_00072_id00981_OmNALjENDkI_id01098_wavtolip.wav,fake,00072_id00981_OmNALjENDkI_id01098_wavtolip,C:\Users\Shivaaya\Desktop\PrsimShieldAI\datasets\FakeAVCeleb_v1.2\FakeAVCeleb_v1.2\FakeVideo-FakeAudio\Caucasian (European)\men\id00292\00072_id00981_OmNALjENDkI_id01098_wavtolip.mp4,True,Caucasian (European)_men_id00292_00072,test
Caucasian (European)_men_id00306_00015_id01058_2DKbOjf3Wyo_faceswap_id00559_wavtolip.wav,fake,00015_id01058_2DKbOjf3Wyo_faceswap_id00559_wavtolip,C:\Users\Shivaaya\Desktop\PrsimShieldAI\datasets\FakeAVCeleb_v1.2\FakeAVCeleb_v1.2\FakeVideo-FakeAudio\Caucasian (European)\men\id00306\00015_id01058_2DKbOjf3Wyo_faceswap_id00559_wavtolip.mp4,True,Caucasian (European)_men_id00306_00015,train
Caucasian (European)_women_id00071_00014_id00271_wavtolip.wav,fake,00014_id00271_wavtolip,C:\Users\Shivaaya\Desktop\PrsimShieldAI\datasets\FakeAVCeleb_v1.2\FakeAVCeleb_v1.2\FakeVideo-FakeAudio\Caucasian (European)\women\id00071\00014_id00271_wavtolip.mp4,True,Caucasian (European)_women_id00071_00014,val
Caucasian (American)_men_id00088_00005.wav,real,00005,C:\Users\Shivaaya\Desktop\PrsimShieldAI\datasets\FakeAVCeleb_v1.2\FakeAVCeleb_v1.2\RealVideo-RealAudio\Caucasian (American)\men\id00088\00005.mp4,True,Caucasian (American)_men_id00088_00005,val
African_women_id01838_00126.wav,real,00126,C:\Users\Shivaaya\Desktop\PrsimShieldAI\datasets\FakeAVCeleb_v1.2\FakeAVCeleb_v1.2\RealVideo-RealAudio\African\women\id01838\00126.mp4,True,African_women_id01838_00126,train
Asian (South)_women_id07686_00254_id06254_wavtolip.wav,fake,00254_id06254_wavtolip,C:\Users\Shivaaya\Desktop\PrsimShieldAI\datasets\FakeAVCeleb_v1.2\FakeAVCeleb_v1.2\FakeVideo-FakeAudio\Asian (South)\women\id07686\00254_id06254_wavtolip.mp4,True,Asian (South)_women_id07686_00254,train
Asian (East)_women_id00763_00074_id02807_eFC0STvhou4_faceswap_id04144_wavtolip.wav,fake,00074_id02807_eFC0STvhou4_faceswap_id04144_wavtolip,C:\Users\Shivaaya\Desktop\PrsimShieldAI\datasets\FakeAVCeleb_v1.2\FakeAVCeleb_v1.2\FakeVideo-FakeAudio\Asian (East)\women\id00763\00074_id02807_eFC0STvhou4_faceswap_id04144_wavtolip.mp4,True,Asian (East)_women_id00763_00074,val
African_women_id01532_00065_id04820_wavtolip.wav,fake,00065_id04820_wavtolip,C:\Users\Shivaaya\Desktop\PrsimShieldAI\datasets\FakeAVCeleb_v1.2\FakeAVCeleb_v1.2\FakeVideo-FakeAudio\African\women\id01532\00065_id04820_wavtolip.mp4,True,African_women_id01532_00065,val
Caucasian (European)_men_id00709_00206.wav,real,00206,C:\Users\Shivaaya\Desktop\PrsimShieldAI\datasets\FakeAVCeleb_v1.2\FakeAVCeleb_v1.2\RealVideo-RealAudio\Caucasian (European)\men\id00709\00206.mp4,True,Caucasian (European)_men_id00709_00206,train
Asian (South)_women_id07049_00043_id07078_sLVbTD3Dtgw_id03815_wavtolip.wav,fake,00043_id07078_sLVbTD3Dtgw_id03815_wavtolip,C:\Users\Shivaaya\Desktop\PrsimShieldAI\datasets\FakeAVCeleb_v1.2\FakeAVCeleb_v1.2\FakeVideo-FakeAudio\Asian (South)\women\id07049\00043_id07078_sLVbTD3Dtgw_id03815_wavtolip.mp4,True,Asian (South)_women_id07049_00043,train
Caucasian (American)_women_id01005_00028.wav,real,00028,C:\Users\Shivaaya\Desktop\PrsimShieldAI\datasets\FakeAVCeleb_v1.2\FakeAVCeleb_v1.2\RealVideo-RealAudio\Caucasian (American)\women\id01005\00028.mp4,True,Caucasian (American)_women_id01005_00028,test
Asian (South)_men_id00732_00118.wav,real,00118,C:\Users\Shivaaya\Desktop\PrsimShieldAI\datasets\FakeAVCeleb_v1.2\FakeAVCeleb_v1.2\RealVideo-RealAudio\Asian (South)\men\id00732\00118.mp4,True,Asian (South)_men_id00732_00118,train
Caucasian (European)_men_id01157_00048.wav,real,00048,C:\Users\Shivaaya\Desktop\PrsimShieldAI\datasets\FakeAVCeleb_v1.2\FakeAVCeleb_v1.2\RealVideo-RealAudio\Caucasian (European)\men\id01157\00048.mp4,True,Caucasian (European)_men_id01157_00048,train
Caucasian (European)_women_id00330_00118.wav,real,00118,C:\Users\Shivaaya\Desktop\PrsimShieldAI\datasets\FakeAVCeleb_v1.2\FakeAVCeleb_v1.2\RealVideo-RealAudio\Caucasian (European)\women\id00330\00118.mp4,True,Caucasian (European)_women_id00330_00118,val
Asian (East)_women_id00763_00074_id00763_wavtolip.wav,fake,00074_id00763_wavtolip,C:\Users\Shivaaya\Desktop\PrsimShieldAI\datasets\FakeAVCeleb_v1.2\FakeAVCeleb_v1.2\FakeVideo-FakeAudio\Asian (East)\women\id00763\00074_id00763_wavtolip.mp4,True,Asian (East)_women_id00763_00074,val
Asian (East)_men_id06878_00001_id01683_wavtolip.wav,fake,00001_id01683_wavtolip,C:\Users\Shivaaya\Desktop\PrsimShieldAI\datasets\FakeAVCeleb_v1.2\FakeAVCeleb_v1.2\FakeVideo-FakeAudio\Asian (East)\men\id06878\00001_id01683_wavtolip.mp4,True,Asian (East)_men_id06878_00001,train
Asian (East)_men_id06878_00001.wav,real,00001,C:\Users\Shivaaya\Desktop\PrsimShieldAI\datasets\FakeAVCeleb_v1.2\FakeAVCeleb_v1.2\RealVideo-RealAudio\Asian (East)\men\id06878\00001.mp4,True,Asian (East)_men_id06878_00001,val
Asian (South)_men_id04560_00195_id07463_wavtolip.wav,fake,00195_id07463_wavtolip,C:\Users\Shivaaya\Desktop\PrsimShieldAI\datasets\FakeAVCeleb_v1.2\FakeAVCeleb_v1.2\FakeVideo-FakeAudio\Asian (South)\men\id04560\00195_id07463_wavtolip.mp4,True,Asian (South)_men_id04560_00195,train
Asian (East)_women_id04144_00028.wav,real,00028,C:\Users\Shivaaya\Desktop\PrsimShieldAI\datasets\FakeAVCeleb_v1.2\FakeAVCeleb_v1.2\RealVideo-RealAudio\Asian (East)\women\id04144\00028.mp4,True,Asian (East)_women_id04144_00028,val
Caucasian (European)_men_id00519_00028.wav,real,00028,C:\Users\Shivaaya\Desktop\PrsimShieldAI\datasets\FakeAVCeleb_v1.2\FakeAVCeleb_v1.2\RealVideo-RealAudio\Caucasian (European)\men\id00519\00028.mp4,True,Caucasian (European)_men_id00519_00028,test
Caucasian (American)_women_id00025_00025.wav,real,00025,C:\Users\Shivaaya\Desktop\PrsimShieldAI\datasets\FakeAVCeleb_v1.2\FakeAVCeleb_v1.2\RealVideo-RealAudio\Caucasian (American)\women\id00025\00025.mp4,True,Caucasian (American)_women_id00025_00025,train
Asian (East)_men_id05332_00065_id08652_wavtolip.wav,fake,00065_id08652_wavtolip,C:\Users\Shivaaya\Desktop\PrsimShieldAI\datasets\FakeAVCeleb_v1.2\FakeAVCeleb_v1.2\FakeVideo-FakeAudio\Asian (East)\men\id05332\00065_id08652_wavtolip.mp4,True,Asian (East)_men_id05332_00065,val
Caucasian (American)_men_id00169_00021.wav,real,00021,C:\Users\Shivaaya\Desktop\PrsimShieldAI\datasets\FakeAVCeleb_v1.2\FakeAVCeleb_v1.2\RealVideo-RealAudio\Caucasian (American)\men\id00169\00021.mp4,True,Caucasian (American)_men_id00169_00021,train
Caucasian (European)_women_id03858_00092_id00395_wM5kGJfTtEM_faceswap_id00496_wavtolip.wav,fake,00092_id00395_wM5kGJfTtEM_faceswap_id00496_wavtolip,C:\Users\Shivaaya\Desktop\PrsimShieldAI\datasets\FakeAVCeleb_v1.2\FakeAVCeleb_v1.2\FakeVideo-FakeAudio\Caucasian (European)\women\id03858\00092_id00395_wM5kGJfTtEM_faceswap_id00496_wavtolip.mp4,True,Caucasian (European)_women_id03858_00092,train
Caucasian (European)_women_id03651_00092.wav,real,00092,C:\Users\Shivaaya\Desktop\PrsimShieldAI\datasets\FakeAVCeleb_v1.2\FakeAVCeleb_v1.2\RealVideo-RealAudio\Caucasian (European)\women\id03651\00092.mp4,True,Caucasian (European)_women_id03651_00092,train
Caucasian (European)_men_id00990_00160.wav,real,00160,C:\Users\Shivaaya\Desktop\PrsimShieldAI\datasets\FakeAVCeleb_v1.2\FakeAVCeleb_v1.2\RealVideo-RealAudio\Caucasian (European)\men\id00990\00160.mp4,True,Caucasian (European)_men_id00990_00160,train
Caucasian (American)_women_id01005_00028_id00835_wavtolip.wav,fake,00028_id00835_wavtolip,C:\Users\Shivaaya\Desktop\PrsimShieldAI\datasets\FakeAVCeleb_v1.2\FakeAVCeleb_v1.2\FakeVideo-FakeAudio\Caucasian (American)\women\id01005\00028_id00835_wavtolip.mp4,True,Caucasian (American)_women_id01005_00028,train
Asian (South)_women_id05845_00027.wav,real,00027,C:\Users\Shivaaya\Desktop\PrsimShieldAI\datasets\FakeAVCeleb_v1.2\FakeAVCeleb_v1.2\RealVideo-RealAudio\Asian (South)\women\id05845\00027.mp4,True,Asian (South)_women_id05845_00027,train
Asian (South)_men_id07233_00010_id00816_wavtolip.wav,fake,00010_id00816_wavtolip,C:\Users\Shivaaya\Desktop\PrsimShieldAI\datasets\FakeAVCeleb_v1.2\FakeAVCeleb_v1.2\FakeVideo-FakeAudio\Asian (South)\men\id07233\00010_id00816_wavtolip.mp4,True,Asian (South)_men_id07233_00010,train
Asian (East)_women_id01451_00099_id00935_09fNE0b4Dlg_id02587_wavtolip.wav,fake,00099_id00935_09fNE0b4Dlg_id02587_wavtolip,C:\Users\Shivaaya\Desktop\PrsimShieldAI\datasets\FakeAVCeleb_v1.2\FakeAVCeleb_v1.2\FakeVideo-FakeAudio\Asian (East)\women\id01451\00099_id00935_09fNE0b4Dlg_id02587_wavtolip.mp4,True,Asian (East)_women_id01451_00099,train
Asian (South)_men_id07233_00010_id00078_wavtolip.wav,fake,00010_id00078_wavtolip,C:\Users\Shivaaya\Desktop\PrsimShieldAI\datasets\FakeAVCeleb_v1.2\FakeAVCeleb_v1.2\FakeVideo-FakeAudio\Asian (South)\men\id07233\00010_id00078_wavtolip.mp4,True,Asian (South)_men_id07233_00010,train
Caucasian (American)_women_id01216_00025.wav,real,00025,C:\Users\Shivaaya\Desktop\PrsimShieldAI\datasets\FakeAVCeleb_v1.2\FakeAVCeleb_v1.2\RealVideo-RealAudio\Caucasian (American)\women\id01216\00025.mp4,True,Caucasian (American)_women_id01216_00025,train
Caucasian (American)_men_id00184_00241.wav,real,00241,C:\Users\Shivaaya\Desktop\PrsimShieldAI\datasets\FakeAVCeleb_v1.2\FakeAVCeleb_v1.2\RealVideo-RealAudio\Caucasian (American)\men\id00184\00241.mp4,True,Caucasian (American)_men_id00184_00241,train
Caucasian (American)_women_id03605_00048.wav,real,00048,C:\Users\Shivaaya\Desktop\PrsimShieldAI\datasets\FakeAVCeleb_v1.2\FakeAVCeleb_v1.2\RealVideo-RealAudio\Caucasian (American)\women\id03605\00048.mp4,True,Caucasian (American)_women_id03605_00048,train
Asian (East)_women_id00579_00030_id06443__jnYg_I0Zpc_id06462_wavtolip.wav,fake,00030_id06443__jnYg_I0Zpc_id06462_wavtolip,C:\Users\Shivaaya\Desktop\PrsimShieldAI\datasets\FakeAVCeleb_v1.2\FakeAVCeleb_v1.2\FakeVideo-FakeAudio\Asian (East)\women\id00579\00030_id06443__jnYg_I0Zpc_id06462_wavtolip.mp4,True,Asian (East)_women_id00579_00030,train
Caucasian (American)_women_id00680_00110.wav,real,00110,C:\Users\Shivaaya\Desktop\PrsimShieldAI\datasets\FakeAVCeleb_v1.2\FakeAVCeleb_v1.2\RealVideo-RealAudio\Caucasian (American)\women\id00680\00110.mp4,True,Caucasian (American)_women_id00680_00110,val
Caucasian (European)_men_id01102_00197.wav,real,00197,C:\Users\Shivaaya\Desktop\PrsimShieldAI\datasets\FakeAVCeleb_v1.2\FakeAVCeleb_v1.2\RealVideo-RealAudio\Caucasian (European)\men\id01102\00197.mp4,True,Caucasian (European)_men_id01102_00197,test
African_men_id01170_00021.wav,real,00021,C:\Users\Shivaaya\Desktop\PrsimShieldAI\datasets\FakeAVCeleb_v1.2\FakeAVCeleb_v1.2\RealVideo-RealAudio\African\men\id01170\00021.mp4,True,African_men_id01170_00021,train
Asian (East)_women_id00137_00025_id02587_wavtolip.wav,fake,00025_id02587_wavtolip,C:\Users\Shivaaya\Desktop\PrsimShieldAI\datasets\FakeAVCeleb_v1.2\FakeAVCeleb_v1.2\FakeVideo-FakeAudio\Asian (East)\women\id00137\00025_id02587_wavtolip.mp4,True,Asian (East)_women_id00137_00025,test
Caucasian (American)_men_id01175_00025_id00018_sap-FjURHlc_id00018_wavtolip.wav,fake,00025_id00018_sap-FjURHlc_id00018_wavtolip,C:\Users\Shivaaya\Desktop\PrsimShieldAI\datasets\FakeAVCeleb_v1.2\FakeAVCeleb_v1.2\FakeVideo-FakeAudio\Caucasian (American)\men\id01175\00025_id00018_sap-FjURHlc_id00018_wavtolip.mp4,True,Caucasian (American)_men_id01175_00025,test
African_women_id02617_00028_id04736__D2k4fMhEfQ_id04055_wavtolip.wav,fake,00028_id04736__D2k4fMhEfQ_id04055_wavtolip,C:\Users\Shivaaya\Desktop\PrsimShieldAI\datasets\FakeAVCeleb_v1.2\FakeAVCeleb_v1.2\FakeVideo-FakeAudio\African\women\id02617\00028_id04736__D2k4fMhEfQ_id04055_wavtolip.mp4,True,African_women_id02617_00028,train
Caucasian (American)_women_id00680_00110_id00841_wavtolip.wav,fake,00110_id00841_wavtolip,C:\Users\Shivaaya\Desktop\PrsimShieldAI\datasets\FakeAVCeleb_v1.2\FakeAVCeleb_v1.2\FakeVideo-FakeAudio\Caucasian (American)\women\id00680\00110_id00841_wavtolip.mp4,True,Caucasian (American)_women_id00680_00110,train
Asian (East)_men_id09143_00056.wav,real,00056,C:\Users\Shivaaya\Desktop\PrsimShieldAI\datasets\FakeAVCeleb_v1.2\FakeAVCeleb_v1.2\RealVideo-RealAudio\Asian (East)\men\id09143\00056.mp4,True,Asian (East)_men_id09143_00056,test
Asian (East)_men_id06807_00015.wav,real,00015,C:\Users\Shivaaya\Desktop\PrsimShieldAI\datasets\FakeAVCeleb_v1.2\FakeAVCeleb_v1.2\RealVideo-RealAudio\Asian (East)\men\id06807\00015.mp4,True,Asian (East)_men_id06807_00015,val
Caucasian (European)_women_id00042_00028.wav,real,00028,C:\Users\Shivaaya\Desktop\PrsimShieldAI\datasets\FakeAVCeleb_v1.2\FakeAVCeleb_v1.2\RealVideo-RealAudio\Caucasian (European)\women\id00042\00028.mp4,True,Caucasian (European)_women_id00042_00028,test
Caucasian (American)_women_id01216_00025_id03707_pwNcRPQ5qdo_faceswap_id00291_wavtolip.wav,fake,00025_id03707_pwNcRPQ5qdo_faceswap_id00291_wavtolip,C:\Users\Shivaaya\Desktop\PrsimShieldAI\datasets\FakeAVCeleb_v1.2\FakeAVCeleb_v1.2\FakeVideo-FakeAudio\Caucasian (American)\women\id01216\00025_id03707_pwNcRPQ5qdo_faceswap_id00291_wavtolip.mp4,True,Caucasian (American)_women_id01216_00025,test
Caucasian (European)_men_id00192_00078.wav,real,00078,C:\Users\Shivaaya\Desktop\PrsimShieldAI\datasets\FakeAVCeleb_v1.2\FakeAVCeleb_v1.2\RealVideo-RealAudio\Caucasian (European)\men\id00192\00078.mp4,True,Caucasian (European)_men_id00192_00078,test
Caucasian (American)_women_id00100_00028.wav,real,00028,C:\Users\Shivaaya\Desktop\PrsimShieldAI\datasets\FakeAVCeleb_v1.2\FakeAVCeleb_v1.2\RealVideo-RealAudio\Caucasian (American)\women\id00100\00028.mp4,True,Caucasian (American)_women_id00100_00028,train
African_women_id04820_00015.wav,real,00015,C:\Users\Shivaaya\Desktop\PrsimShieldAI\datasets\FakeAVCeleb_v1.2\FakeAVCeleb_v1.2\RealVideo-RealAudio\African\women\id04820\00015.mp4,True,African_women_id04820_00015,train
Asian (South)_women_id05920_00161_id05845_XfMHm6CEwPw_faceswap_id06752_wavtolip.wav,fake,00161_id05845_XfMHm6CEwPw_faceswap_id06752_wavtolip,C:\Users\Shivaaya\Desktop\PrsimShieldAI\datasets\FakeAVCeleb_v1.2\FakeAVCeleb_v1.2\FakeVideo-FakeAudio\Asian (South)\women\id05920\00161_id05845_XfMHm6CEwPw_faceswap_id06752_wavtolip.mp4,True,Asian (South)_women_id05920_00161,train
African_men_id01835_00130.wav,real,00130,C:\Users\Shivaaya\Desktop\PrsimShieldAI\datasets\FakeAVCeleb_v1.2\FakeAVCeleb_v1.2\RealVideo-RealAudio\African\men\id01835\00130.mp4,True,African_men_id01835_00130,test
Asian (East)_women_id05844_00072.wav,real,00072,C:\Users\Shivaaya\Desktop\PrsimShieldAI\datasets\FakeAVCeleb_v1.2\FakeAVCeleb_v1.2\RealVideo-RealAudio\Asian (East)\women\id05844\00072.mp4,True,Asian (East)_women_id05844_00072,test
Asian (South)_men_id00860_00154.wav,real,00154,C:\Users\Shivaaya\Desktop\PrsimShieldAI\datasets\FakeAVCeleb_v1.2\FakeAVCeleb_v1.2\RealVideo-RealAudio\Asian (South)\men\id00860\00154.mp4,True,Asian (South)_men_id00860_00154,val
Caucasian (American)_women_id00100_00028_id00272_VLY1boTtbRM_id01248_wavtolip.wav,fake,00028_id00272_VLY1boTtbRM_id01248_wavtolip,C:\Users\Shivaaya\Desktop\PrsimShieldAI\datasets\FakeAVCeleb_v1.2\FakeAVCeleb_v1.2\FakeVideo-FakeAudio\Caucasian (American)\women\id00100\00028_id00272_VLY1boTtbRM_id01248_wavtolip.mp4,True,Caucasian (American)_women_id00100_00028,train
Caucasian (European)_women_id03589_00002_id00287_2NpfYjyMsPM_id00071_wavtolip.wav,fake,00002_id00287_2NpfYjyMsPM_id00071_wavtolip,C:\Users\Shivaaya\Desktop\PrsimShieldAI\datasets\FakeAVCeleb_v1.2\FakeAVCeleb_v1.2\FakeVideo-FakeAudio\Caucasian (European)\women\id03589\00002_id00287_2NpfYjyMsPM_id00071_wavtolip.mp4,True,Caucasian (European)_women_id03589_00002,test
Asian (South)_men_id06354_00021.wav,real,00021,C:\Users\Shivaaya\Desktop\PrsimShieldAI\datasets\FakeAVCeleb_v1.2\FakeAVCeleb_v1.2\RealVideo-RealAudio\Asian (South)\men\id06354\00021.mp4,True,Asian (South)_men_id06354_00021,train
Caucasian (American)_men_id01105_00083_id00945_wavtolip.wav,fake,00083_id00945_wavtolip,C:\Users\Shivaaya\Desktop\PrsimShieldAI\datasets\FakeAVCeleb_v1.2\FakeAVCeleb_v1.2\FakeVideo-FakeAudio\Caucasian (American)\men\id01105\00083_id00945_wavtolip.mp4,True,Caucasian (American)_men_id01105_00083,train
Asian (South)_women_id05931_00013_id02089_wavtolip.wav,fake,00013_id02089_wavtolip,C:\Users\Shivaaya\Desktop\PrsimShieldAI\datasets\FakeAVCeleb_v1.2\FakeAVCeleb_v1.2\FakeVideo-FakeAudio\Asian (South)\women\id05931\00013_id02089_wavtolip.mp4,True,Asian (South)_women_id05931_00013,test
Caucasian (American)_men_id00184_00241_id01239_wavtolip.wav,fake,00241_id01239_wavtolip,C:\Users\Shivaaya\Desktop\PrsimShieldAI\datasets\FakeAVCeleb_v1.2\FakeAVCeleb_v1.2\FakeVideo-FakeAudio\Caucasian (American)\men\id00184\00241_id01239_wavtolip.mp4,True,Caucasian (American)_men_id00184_00241,train
African_men_id04727_00007_id01036_wavtolip.wav,fake,00007_id01036_wavtolip,C:\Users\Shivaaya\Desktop\PrsimShieldAI\datasets\FakeAVCeleb_v1.2\FakeAVCeleb_v1.2\FakeVideo-FakeAudio\African\men\id04727\00007_id01036_wavtolip.mp4,True,African_men_id04727_00007,train
Caucasian (American)_men_id00708_00043_id01105_wavtolip.wav,fake,00043_id01105_wavtolip,C:\Users\Shivaaya\Desktop\PrsimShieldAI\datasets\FakeAVCeleb_v1.2\FakeAVCeleb_v1.2\FakeVideo-FakeAudio\Caucasian (American)\men\id00708\00043_id01105_wavtolip.mp4,True,Caucasian (American)_men_id00708_00043,train
Caucasian (European)_women_id00735_00037_id00484_wavtolip.wav,fake,00037_id00484_wavtolip,C:\Users\Shivaaya\Desktop\PrsimShieldAI\datasets\FakeAVCeleb_v1.2\FakeAVCeleb_v1.2\FakeVideo-FakeAudio\Caucasian (European)\women\id00735\00037_id00484_wavtolip.mp4,True,Caucasian (European)_women_id00735_00037,train
Asian (South)_women_id06437_00028_id04490_G00MMIdUOTc_id07686_wavtolip.wav,fake,00028_id04490_G00MMIdUOTc_id07686_wavtolip,C:\Users\Shivaaya\Desktop\PrsimShieldAI\datasets\FakeAVCeleb_v1.2\FakeAVCeleb_v1.2\FakeVideo-FakeAudio\Asian (South)\women\id06437\00028_id04490_G00MMIdUOTc_id07686_wavtolip.mp4,True,Asian (South)_women_id06437_00028,train
African_men_id01528_00017.wav,real,00017,C:\Users\Shivaaya\Desktop\PrsimShieldAI\datasets\FakeAVCeleb_v1.2\FakeAVCeleb_v1.2\RealVideo-RealAudio\African\men\id01528\00017.mp4,True,African_men_id01528_00017,test
Caucasian (European)_men_id00282_00268.wav,real,00268,C:\Users\Shivaaya\Desktop\PrsimShieldAI\datasets\FakeAVCeleb_v1.2\FakeAVCeleb_v1.2\RealVideo-RealAudio\Caucasian (European)\men\id00282\00268.mp4,True,Caucasian (European)_men_id00282_00268,test
Caucasian (American)_men_id00971_00253.wav,real,00253,C:\Users\Shivaaya\Desktop\PrsimShieldAI\datasets\FakeAVCeleb_v1.2\FakeAVCeleb_v1.2\RealVideo-RealAudio\Caucasian (American)\men\id00971\00253.mp4,True,Caucasian (American)_men_id00971_00253,train
Asian (South)_women_id05920_00161.wav,real,00161,C:\Users\Shivaaya\Desktop\PrsimShieldAI\datasets\FakeAVCeleb_v1.2\FakeAVCeleb_v1.2\RealVideo-RealAudio\Asian (South)\women\id05920\00161.mp4,True,Asian (South)_women_id05920_00161,val
Caucasian (American)_men_id04073_00021_3_id04073_wavtolip.wav,fake,00021_3_id04073_wavtolip,C:\Users\Shivaaya\Desktop\PrsimShieldAI\datasets\FakeAVCeleb_v1.2\FakeAVCeleb_v1.2\FakeVideo-FakeAudio\Caucasian (American)\men\id04073\00021_3_id04073_wavtolip.mp4,True,Caucasian (American)_men_id04073_00021,train
Caucasian (American)_women_id00145_00043.wav,real,00043,C:\Users\Shivaaya\Desktop\PrsimShieldAI\datasets\FakeAVCeleb_v1.2\FakeAVCeleb_v1.2\RealVideo-RealAudio\Caucasian (American)\women\id00145\00043.mp4,True,Caucasian (American)_women_id00145_00043,train
African_women_id03656_00052.wav,real,00052,C:\Users\Shivaaya\Desktop\PrsimShieldAI\datasets\FakeAVCeleb_v1.2\FakeAVCeleb_v1.2\RealVideo-RealAudio\African\women\id03656\00052.mp4,True,African_women_id03656_00052,train
Caucasian (American)_men_id01124_00063.wav,real,00063,C:\Users\Shivaaya\Desktop\PrsimShieldAI\datasets\FakeAVCeleb_v1.2\FakeAVCeleb_v1.2\RealVideo-RealAudio\Caucasian (American)\men\id01124\00063.mp4,True,Caucasian (American)_men_id01124_00063,train
African_women_id01532_00065.wav,real,00065,C:\Users\Shivaaya\Desktop\PrsimShieldAI\datasets\FakeAVCeleb_v1.2\FakeAVCeleb_v1.2\RealVideo-RealAudio\African\women\id01532\00065.mp4,True,African_women_id01532_00065,train
African_men_id01521_00109_id01972_hBYoeQTm8ZQ_id00076_wavtolip.wav,fake,00109_id01972_hBYoeQTm8ZQ_id00076_wavtolip,C:\Users\Shivaaya\Desktop\PrsimShieldAI\datasets\FakeAVCeleb_v1.2\FakeAVCeleb_v1.2\FakeVideo-FakeAudio\African\men\id01521\00109_id01972_hBYoeQTm8ZQ_id00076_wavtolip.mp4,True,African_men_id01521_00109,train
Asian (South)_men_id00459_00382_id07108_qwfQPcvjGRY_id00082_wavtolip.wav,fake,00382_id07108_qwfQPcvjGRY_id00082_wavtolip,C:\Users\Shivaaya\Desktop\PrsimShieldAI\datasets\FakeAVCeleb_v1.2\FakeAVCeleb_v1.2\FakeVideo-FakeAudio\Asian (South)\men\id00459\00382_id07108_qwfQPcvjGRY_id00082_wavtolip.mp4,True,Asian (South)_men_id00459_00382,train
Asian (East)_men_id02332_00055_id02553_QTahH2rc8go_id02561_wavtolip.wav,fake,00055_id02553_QTahH2rc8go_id02561_wavtolip,C:\Users\Shivaaya\Desktop\PrsimShieldAI\datasets\FakeAVCeleb_v1.2\FakeAVCeleb_v1.2\FakeVideo-FakeAudio\Asian (East)\men\id02332\00055_id02553_QTahH2rc8go_id02561_wavtolip.mp4,True,Asian (East)_men_id02332_00055,train
Caucasian (European)_women_id03371_00430.wav,real,00430,C:\Users\Shivaaya\Desktop\PrsimShieldAI\datasets\FakeAVCeleb_v1.2\FakeAVCeleb_v1.2\RealVideo-RealAudio\Caucasian (European)\women\id03371\00430.mp4,True,Caucasian (European)_women_id03371_00430,train
Asian (South)_women_id04490_00054.wav,real,00054,C:\Users\Shivaaya\Desktop\PrsimShieldAI\datasets\FakeAVCeleb_v1.2\FakeAVCeleb_v1.2\RealVideo-RealAudio\Asian (South)\women\id04490\00054.mp4,True,Asian (South)_women_id04490_00054,test
Asian (South)_women_id00488_00028_id05435_OvX-Jv_whcU_faceswap_id00149_wavtolip.wav,fake,00028_id05435_OvX-Jv_whcU_faceswap_id00149_wavtolip,C:\Users\Shivaaya\Desktop\PrsimShieldAI\datasets\FakeAVCeleb_v1.2\FakeAVCeleb_v1.2\FakeVideo-FakeAudio\Asian (South)\women\id00488\00028_id05435_OvX-Jv_whcU_faceswap_id00149_wavtolip.mp4,True,Asian (South)_women_id00488_00028,train
Asian (South)_men_id07108_00412.wav,real,00412,C:\Users\Shivaaya\Desktop\PrsimShieldAI\datasets\FakeAVCeleb_v1.2\FakeAVCeleb_v1.2\RealVideo-RealAudio\Asian (South)\men\id07108\00412.mp4,True,Asian (South)_men_id07108_00412,train
Caucasian (European)_women_id00589_00130_id00591_1Jo8xElXQMs_id03620_wavtolip.wav,fake,00130_id00591_1Jo8xElXQMs_id03620_wavtolip,C:\Users\Shivaaya\Desktop\PrsimShieldAI\datasets\FakeAVCeleb_v1.2\FakeAVCeleb_v1.2\FakeVideo-FakeAudio\Caucasian (European)\women\id00589\00130_id00591_1Jo8xElXQMs_id03620_wavtolip.mp4,True,Caucasian (European)_women_id00589_00130,train
Asian (South)_men_id00103_00241.wav,real,00241,C:\Users\Shivaaya\Desktop\PrsimShieldAI\datasets\FakeAVCeleb_v1.2\FakeAVCeleb_v1.2\RealVideo-RealAudio\Asian (South)\men\id00103\00241.mp4,True,Asian (South)_men_id00103_00241,train
Caucasian (American)_women_id00261_00048_id00618__TwV2SmUIlY_id00261_wavtolip.wav,fake,00048_id00618__TwV2SmUIlY_id00261_wavtolip,C:\Users\Shivaaya\Desktop\PrsimShieldAI\datasets\FakeAVCeleb_v1.2\FakeAVCeleb_v1.2\FakeVideo-FakeAudio\Caucasian (American)\women\id00261\00048_id00618__TwV2SmUIlY_id00261_wavtolip.mp4,True,Caucasian (American)_women_id00261_00048,train
Caucasian (American)_women_id00100_00028_id00616_wavtolip.wav,fake,00028_id00616_wavtolip,C:\Users\Shivaaya\Desktop\PrsimShieldAI\datasets\FakeAVCeleb_v1.2\FakeAVCeleb_v1.2\FakeVideo-FakeAudio\Caucasian (American)\women\id00100\00028_id00616_wavtolip.mp4,True,Caucasian (American)_women_id00100_00028,train
Caucasian (American)_women_id02466_00136.wav,real,00136,C:\Users\Shivaaya\Desktop\PrsimShieldAI\datasets\FakeAVCeleb_v1.2\FakeAVCeleb_v1.2\RealVideo-RealAudio\Caucasian (American)\women\id02466\00136.mp4,True,Caucasian (American)_women_id02466_00136,train
Caucasian (European)_women_id03589_00002.wav,real,00002,C:\Users\Shivaaya\Desktop\PrsimShieldAI\datasets\FakeAVCeleb_v1.2\FakeAVCeleb_v1.2\RealVideo-RealAudio\Caucasian (European)\women\id03589\00002.mp4,True,Caucasian (European)_women_id03589_00002,train
Caucasian (European)_men_id00292_00072_id00266_wavtolip.wav,fake,00072_id00266_wavtolip,C:\Users\Shivaaya\Desktop\PrsimShieldAI\datasets\FakeAVCeleb_v1.2\FakeAVCeleb_v1.2\FakeVideo-FakeAudio\Caucasian (European)\men\id00292\00072_id00266_wavtolip.mp4,True,Caucasian (European)_men_id00292_00072,train
Asian (South)_women_id05478_00135_id05845_XfMHm6CEwPw_faceswap_id05845_wavtolip.wav,fake,00135_id05845_XfMHm6CEwPw_faceswap_id05845_wavtolip,C:\Users\Shivaaya\Desktop\PrsimShieldAI\datasets\FakeAVCeleb_v1.2\FakeAVCeleb_v1.2\FakeVideo-FakeAudio\Asian (South)\women\id05478\00135_id05845_XfMHm6CEwPw_faceswap_id05845_wavtolip.mp4,True,Asian (South)_women_id05478_00135,train
Caucasian (American)_men_id00708_00043_id00696_wavtolip.wav,fake,00043_id00696_wavtolip,C:\Users\Shivaaya\Desktop\PrsimShieldAI\datasets\FakeAVCeleb_v1.2\FakeAVCeleb_v1.2\FakeVideo-FakeAudio\Caucasian (American)\men\id00708\00043_id00696_wavtolip.mp4,True,Caucasian (American)_men_id00708_00043,val
Caucasian (American)_men_id01192_00217_id00775_yeCUxHgUHxc_id01201_wavtolip.wav,fake,00217_id00775_yeCUxHgUHxc_id01201_wavtolip,C:\Users\Shivaaya\Desktop\PrsimShieldAI\datasets\FakeAVCeleb_v1.2\FakeAVCeleb_v1.2\FakeVideo-FakeAudio\Caucasian (American)\men\id01192\00217_id00775_yeCUxHgUHxc_id01201_wavtolip.mp4,True,Caucasian (American)_men_id01192_00217,train
Asian (South)_women_id07049_00043.wav,real,00043,C:\Users\Shivaaya\Desktop\PrsimShieldAI\datasets\FakeAVCeleb_v1.2\FakeAVCeleb_v1.2\RealVideo-RealAudio\Asian (South)\women\id07049\00043.mp4,True,Asian (South)_women_id07049_00043,test
Asian (East)_women_id09175_00072.wav,real,00072,C:\Users\Shivaaya\Desktop\PrsimShieldAI\datasets\FakeAVCeleb_v1.2\FakeAVCeleb_v1.2\RealVideo-RealAudio\Asian (East)\women\id09175\00072.mp4,True,Asian (East)_women_id09175_00072,val
African_men_id01717_00005.wav,real,00005,C:\Users\Shivaaya\Desktop\PrsimShieldAI\datasets\FakeAVCeleb_v1.2\FakeAVCeleb_v1.2\RealVideo-RealAudio\African\men\id01717\00005.mp4,True,African_men_id01717_00005,train
Caucasian (European)_men_id00266_00470.wav,real,00470,C:\Users\Shivaaya\Desktop\PrsimShieldAI\datasets\FakeAVCeleb_v1.2\FakeAVCeleb_v1.2\RealVideo-RealAudio\Caucasian (European)\men\id00266\00470.mp4,True,Caucasian (European)_men_id00266_00470,train
Asian (East)_women_id08397_00167.wav,real,00167,C:\Users\Shivaaya\Desktop\PrsimShieldAI\datasets\FakeAVCeleb_v1.2\FakeAVCeleb_v1.2\RealVideo-RealAudio\Asian (East)\women\id08397\00167.mp4,True,Asian (East)_women_id08397_00167,val
Asian (South)_men_id07058_00010.wav,real,00010,C:\Users\Shivaaya\Desktop\PrsimShieldAI\datasets\FakeAVCeleb_v1.2\FakeAVCeleb_v1.2\RealVideo-RealAudio\Asian (South)\men\id07058\00010.mp4,True,Asian (South)_men_id07058_00010,val
Asian (East)_men_id03889_00052_id01589_ZCwF6XVRiAU_faceswap_id04691_wavtolip.wav,fake,00052_id01589_ZCwF6XVRiAU_faceswap_id04691_wavtolip,C:\Users\Shivaaya\Desktop\PrsimShieldAI\datasets\FakeAVCeleb_v1.2\FakeAVCeleb_v1.2\FakeVideo-FakeAudio\Asian (East)\men\id03889\00052_id01589_ZCwF6XVRiAU_faceswap_id04691_wavtolip.mp4,True,Asian (East)_men_id03889_00052,train
Asian (South)_women_id00739_00005_id00417_GhIZam3v09g_faceswap_id00747_wavtolip.wav,fake,00005_id00417_GhIZam3v09g_faceswap_id00747_wavtolip,C:\Users\Shivaaya\Desktop\PrsimShieldAI\datasets\FakeAVCeleb_v1.2\FakeAVCeleb_v1.2\FakeVideo-FakeAudio\Asian (South)\women\id00739\00005_id00417_GhIZam3v09g_faceswap_id00747_wavtolip.mp4,True,Asian (South)_women_id00739_00005,val
Asian (South)_men_id03180_00039.wav,real,00039,C:\Users\Shivaaya\Desktop\PrsimShieldAI\datasets\FakeAVCeleb_v1.2\FakeAVCeleb_v1.2\RealVideo-RealAudio\Asian (South)\men\id03180\00039.mp4,True,Asian (South)_men_id03180_00039,train
African_men_id01036_00010_id02316_yrrNcmZ-xmI_id01835_wavtolip.wav,fake,00010_id02316_yrrNcmZ-xmI_id01835_wavtolip,C:\Users\Shivaaya\Desktop\PrsimShieldAI\datasets\FakeAVCeleb_v1.2\FakeAVCeleb_v1.2\FakeVideo-FakeAudio\African\men\id01036\00010_id02316_yrrNcmZ-xmI_id01835_wavtolip.mp4,True,African_men_id01036_00010,test
Caucasian (European)_men_id00187_00360.wav,real,00360,C:\Users\Shivaaya\Desktop\PrsimShieldAI\datasets\FakeAVCeleb_v1.2\FakeAVCeleb_v1.2\RealVideo-RealAudio\Caucasian (European)\men\id00187\00360.mp4,True,Caucasian (European)_men_id00187_00360,train
Caucasian (American)_women_id01231_00015.wav,real,00015,C:\Users\Shivaaya\Desktop\PrsimShieldAI\datasets\FakeAVCeleb_v1.2\FakeAVCeleb_v1.2\RealVideo-RealAudio\Caucasian (American)\women\id01231\00015.mp4,True,Caucasian (American)_women_id01231_00015,train
Caucasian (European)_men_id00186_00120_id00963_wavtolip.wav,fake,00120_id00963_wavtolip,C:\Users\Shivaaya\Desktop\PrsimShieldAI\datasets\FakeAVCeleb_v1.2\FakeAVCeleb_v1.2\FakeVideo-FakeAudio\Caucasian (European)\men\id00186\00120_id00963_wavtolip.mp4,True,Caucasian (European)_men_id00186_00120,val
Caucasian (American)_women_id00291_00052.wav,real,00052,C:\Users\Shivaaya\Desktop\PrsimShieldAI\datasets\FakeAVCeleb_v1.2\FakeAVCeleb_v1.2\RealVideo-RealAudio\Caucasian (American)\women\id00291\00052.mp4,True,Caucasian (American)_women_id00291_00052,train
African_men_id00987_00160.wav,real,00160,C:\Users\Shivaaya\Desktop\PrsimShieldAI\datasets\FakeAVCeleb_v1.2\FakeAVCeleb_v1.2\RealVideo-RealAudio\African\men\id00987\00160.mp4,True,African_men_id00987_00160,train
Asian (East)_women_id09171_00092.wav,real,00092,C:\Users\Shivaaya\Desktop\PrsimShieldAI\datasets\FakeAVCeleb_v1.2\FakeAVCeleb_v1.2\RealVideo-RealAudio\Asian (East)\women\id09171\00092.mp4,True,Asian (East)_women_id09171_00092,train
African_men_id00761_00072.wav,real,00072,C:\Users\Shivaaya\Desktop\PrsimShieldAI\datasets\FakeAVCeleb_v1.2\FakeAVCeleb_v1.2\RealVideo-RealAudio\African\men\id00761\00072.mp4,True,African_men_id00761_00072,train
Caucasian (American)_women_id00180_00206.wav,real,00206,C:\Users\Shivaaya\Desktop\PrsimShieldAI\datasets\FakeAVCeleb_v1.2\FakeAVCeleb_v1.2\RealVideo-RealAudio\Caucasian (American)\women\id00180\00206.mp4,True,Caucasian (American)_women_id00180_00206,test
Caucasian (American)_women_id00842_00043.wav,real,00043,C:\Users\Shivaaya\Desktop\PrsimShieldAI\datasets\FakeAVCeleb_v1.2\FakeAVCeleb_v1.2\RealVideo-RealAudio\Caucasian (American)\women\id00842\00043.mp4,True,Caucasian (American)_women_id00842_00043,train
Caucasian (American)_men_id01182_00167.wav,real,00167,C:\Users\Shivaaya\Desktop\PrsimShieldAI\datasets\FakeAVCeleb_v1.2\FakeAVCeleb_v1.2\RealVideo-RealAudio\Caucasian (American)\men\id01182\00167.mp4,True,Caucasian (American)_men_id01182_00167,train
Caucasian (European)_men_id00225_00078.wav,real,00078,C:\Users\Shivaaya\Desktop\PrsimShieldAI\datasets\FakeAVCeleb_v1.2\FakeAVCeleb_v1.2\RealVideo-RealAudio\Caucasian (European)\men\id00225\00078.mp4,True,Caucasian (European)_men_id00225_00078,val
Asian (South)_men_id07108_00412_id00459_ubskcDDe7kM_id04537_wavtolip.wav,fake,00412_id00459_ubskcDDe7kM_id04537_wavtolip,C:\Users\Shivaaya\Desktop\PrsimShieldAI\datasets\FakeAVCeleb_v1.2\FakeAVCeleb_v1.2\FakeVideo-FakeAudio\Asian (South)\men\id07108\00412_id00459_ubskcDDe7kM_id04537_wavtolip.mp4,True,Asian (South)_men_id07108_00412,train
African_men_id00166_00010.wav,real,00010,C:\Users\Shivaaya\Desktop\PrsimShieldAI\datasets\FakeAVCeleb_v1.2\FakeAVCeleb_v1.2\RealVideo-RealAudio\African\men\id00166\00010.mp4,True,African_men_id00166_00010,train
African_men_id00830_00143.wav,real,00143,C:\Users\Shivaaya\Desktop\PrsimShieldAI\datasets\FakeAVCeleb_v1.2\FakeAVCeleb_v1.2\RealVideo-RealAudio\African\men\id00830\00143.mp4,True,African_men_id00830_00143,test
Asian (South)_men_id00082_00052.wav,real,00052,C:\Users\Shivaaya\Desktop\PrsimShieldAI\datasets\FakeAVCeleb_v1.2\FakeAVCeleb_v1.2\RealVideo-RealAudio\Asian (South)\men\id00082\00052.mp4,True,Asian (South)_men_id00082_00052,train
Asian (South)_women_id00235_00052.wav,real,00052,C:\Users\Shivaaya\Desktop\PrsimShieldAI\datasets\FakeAVCeleb_v1.2\FakeAVCeleb_v1.2\RealVideo-RealAudio\Asian (South)\women\id00235\00052.mp4,True,Asian (South)_women_id00235_00052,train
Caucasian (European)_women_id03620_00081_id00496_SImaDcXQnh8_faceswap_id00332_wavtolip.wav,fake,00081_id00496_SImaDcXQnh8_faceswap_id00332_wavtolip,C:\Users\Shivaaya\Desktop\PrsimShieldAI\datasets\FakeAVCeleb_v1.2\FakeAVCeleb_v1.2\FakeVideo-FakeAudio\Caucasian (European)\women\id03620\00081_id00496_SImaDcXQnh8_faceswap_id00332_wavtolip.mp4,True,Caucasian (European)_women_id03620_00081,train
African_women_id01661_00059.wav,real,00059,C:\Users\Shivaaya\Desktop\PrsimShieldAI\datasets\FakeAVCeleb_v1.2\FakeAVCeleb_v1.2\RealVideo-RealAudio\African\women\id01661\00059.mp4,True,African_women_id01661_00059,train
Caucasian (American)_women_id00381_00030.wav,real,00030,C:\Users\Shivaaya\Desktop\PrsimShieldAI\datasets\FakeAVCeleb_v1.2\FakeAVCeleb_v1.2\RealVideo-RealAudio\Caucasian (American)\women\id00381\00030.mp4,True,Caucasian (American)_women_id00381_00030,val
African_men_id00076_00109_id00476_wavtolip.wav,fake,00109_id00476_wavtolip,C:\Users\Shivaaya\Desktop\PrsimShieldAI\datasets\FakeAVCeleb_v1.2\FakeAVCeleb_v1.2\FakeVideo-FakeAudio\African\men\id00076\00109_id00476_wavtolip.mp4,True,African_men_id00076_00109,val
Asian (South)_women_id06268_00159.wav,real,00159,C:\Users\Shivaaya\Desktop\PrsimShieldAI\datasets\FakeAVCeleb_v1.2\FakeAVCeleb_v1.2\RealVideo-RealAudio\Asian (South)\women\id06268\00159.mp4,True,Asian (South)_women_id06268_00159,train
African_men_id00781_00092_id00476_UgdYVJ6xPYg_faceswap_id02494_wavtolip.wav,fake,00092_id00476_UgdYVJ6xPYg_faceswap_id02494_wavtolip,C:\Users\Shivaaya\Desktop\PrsimShieldAI\datasets\FakeAVCeleb_v1.2\FakeAVCeleb_v1.2\FakeVideo-FakeAudio\African\men\id00781\00092_id00476_UgdYVJ6xPYg_faceswap_id02494_wavtolip.mp4,True,African_men_id00781_00092,train
Asian (East)_men_id00056_00028.wav,real,00028,C:\Users\Shivaaya\Desktop\PrsimShieldAI\datasets\FakeAVCeleb_v1.2\FakeAVCeleb_v1.2\RealVideo-RealAudio\Asian (East)\men\id00056\00028.mp4,True,Asian (East)_men_id00056_00028,train
Asian (East)_women_id04701_00017.wav,real,00017,C:\Users\Shivaaya\Desktop\PrsimShieldAI\datasets\FakeAVCeleb_v1.2\FakeAVCeleb_v1.2\RealVideo-RealAudio\Asian (East)\women\id04701\00017.mp4,True,Asian (East)_women_id04701_00017,train
Asian (East)_women_id00582_00006.wav,real,00006,C:\Users\Shivaaya\Desktop\PrsimShieldAI\datasets\FakeAVCeleb_v1.2\FakeAVCeleb_v1.2\RealVideo-RealAudio\Asian (East)\women\id00582\00006.mp4,True,Asian (East)_women_id00582_00006,train
Caucasian (American)_women_id00848_00028_id00231_Pi8vVHrPQMU_id01238_wavtolip.wav,fake,00028_id00231_Pi8vVHrPQMU_id01238_wavtolip,C:\Users\Shivaaya\Desktop\PrsimShieldAI\datasets\FakeAVCeleb_v1.2\FakeAVCeleb_v1.2\FakeVideo-FakeAudio\Caucasian (American)\women\id00848\00028_id00231_Pi8vVHrPQMU_id01238_wavtolip.mp4,True,Caucasian (American)_women_id00848_00028,train
Asian (East)_men_id06152_06152.wav,real,06152,C:\Users\Shivaaya\Desktop\PrsimShieldAI\datasets\FakeAVCeleb_v1.2\FakeAVCeleb_v1.2\RealVideo-RealAudio\Asian (East)\men\id06152\06152.mp4,True,Asian (East)_men_id06152_06152,test
Asian (East)_men_id08299_00110.wav,real,00110,C:\Users\Shivaaya\Desktop\PrsimShieldAI\datasets\FakeAVCeleb_v1.2\FakeAVCeleb_v1.2\RealVideo-RealAudio\Asian (East)\men\id08299\00110.mp4,True,Asian (East)_men_id08299_00110,train
Asian (South)_men_id00685_00146_id00082_wavtolip.wav,fake,00146_id00082_wavtolip,C:\Users\Shivaaya\Desktop\PrsimShieldAI\datasets\FakeAVCeleb_v1.2\FakeAVCeleb_v1.2\FakeVideo-FakeAudio\Asian (South)\men\id00685\00146_id00082_wavtolip.mp4,True,Asian (South)_men_id00685_00146,val
Caucasian (European)_men_id00305_00113_id00990_wavtolip.wav,fake,00113_id00990_wavtolip,C:\Users\Shivaaya\Desktop\PrsimShieldAI\datasets\FakeAVCeleb_v1.2\FakeAVCeleb_v1.2\FakeVideo-FakeAudio\Caucasian (European)\men\id00305\00113_id00990_wavtolip.mp4,True,Caucasian (European)_men_id00305_00113,train
African_men_id00366_00118.wav,real,00118,C:\Users\Shivaaya\Desktop\PrsimShieldAI\datasets\FakeAVCeleb_v1.2\FakeAVCeleb_v1.2\RealVideo-RealAudio\African\men\id00366\00118.mp4,True,African_men_id00366_00118,train
Caucasian (American)_women_id00462_00143.wav,real,00143,C:\Users\Shivaaya\Desktop\PrsimShieldAI\datasets\FakeAVCeleb_v1.2\FakeAVCeleb_v1.2\RealVideo-RealAudio\Caucasian (American)\women\id00462\00143.mp4,True,Caucasian (American)_women_id00462_00143,train
Caucasian (European)_men_id01098_00044_id01051_jPxk6s6FM6Y_id01098_wavtolip.wav,fake,00044_id01051_jPxk6s6FM6Y_id01098_wavtolip,C:\Users\Shivaaya\Desktop\PrsimShieldAI\datasets\FakeAVCeleb_v1.2\FakeAVCeleb_v1.2\FakeVideo-FakeAudio\Caucasian (European)\men\id01098\00044_id01051_jPxk6s6FM6Y_id01098_wavtolip.mp4,True,Caucasian (European)_men_id01098_00044,train
Caucasian (American)_men_id03757_00149.wav,real,00149,C:\Users\Shivaaya\Desktop\PrsimShieldAI\datasets\FakeAVCeleb_v1.2\FakeAVCeleb_v1.2\RealVideo-RealAudio\Caucasian (American)\men\id03757\00149.mp4,True,Caucasian (American)_men_id03757_00149,train
Asian (South)_men_id00769_00015.wav,real,00015,C:\Users\Shivaaya\Desktop\PrsimShieldAI\datasets\FakeAVCeleb_v1.2\FakeAVCeleb_v1.2\RealVideo-RealAudio\Asian (South)\men\id00769\00015.mp4,True,Asian (South)_men_id00769_00015,train
Asian (East)_women_id01451_00099_id05576_wavtolip.wav,fake,00099_id05576_wavtolip,C:\Users\Shivaaya\Desktop\PrsimShieldAI\datasets\FakeAVCeleb_v1.2\FakeAVCeleb_v1.2\FakeVideo-FakeAudio\Asian (East)\women\id01451\00099_id05576_wavtolip.mp4,True,Asian (East)_women_id01451_00099,val
African_women_id03569_00065_id04689_wavtolip.wav,fake,00065_id04689_wavtolip,C:\Users\Shivaaya\Desktop\PrsimShieldAI\datasets\FakeAVCeleb_v1.2\FakeAVCeleb_v1.2\FakeVideo-FakeAudio\African\women\id03569\00065_id04689_wavtolip.mp4,True,African_women_id03569_00065,train
African_women_id00460_00005.wav,real,00005,C:\Users\Shivaaya\Desktop\PrsimShieldAI\datasets\FakeAVCeleb_v1.2\FakeAVCeleb_v1.2\RealVideo-RealAudio\African\women\id00460\00005.mp4,True,African_women_id00460_00005,train
Caucasian (European)_women_id00569_00239_2_id00287_wavtolip.wav,fake,00239_2_id00287_wavtolip,C:\Users\Shivaaya\Desktop\PrsimShieldAI\datasets\FakeAVCeleb_v1.2\FakeAVCeleb_v1.2\FakeVideo-FakeAudio\Caucasian (European)\women\id00569\00239_2_id00287_wavtolip.mp4,True,Caucasian (European)_women_id00569_00239,test
Asian (East)_women_id00566_00032_id02587_KzwJPH5_8j0_faceswap_id05576_wavtolip.wav,fake,00032_id02587_KzwJPH5_8j0_faceswap_id05576_wavtolip,C:\Users\Shivaaya\Desktop\PrsimShieldAI\datasets\FakeAVCeleb_v1.2\FakeAVCeleb_v1.2\FakeVideo-FakeAudio\Asian (East)\women\id00566\00032_id02587_KzwJPH5_8j0_faceswap_id05576_wavtolip.mp4,True,Asian (East)_women_id00566_00032,train
Caucasian (European)_women_id00633_00088.wav,real,00088,C:\Users\Shivaaya\Desktop\PrsimShieldAI\datasets\FakeAVCeleb_v1.2\FakeAVCeleb_v1.2\RealVideo-RealAudio\Caucasian (European)\women\id00633\00088.mp4,True,Caucasian (European)_women_id00633_00088,train
Asian (East)_women_id03211_00032.wav,real,00032,C:\Users\Shivaaya\Desktop\PrsimShieldAI\datasets\FakeAVCeleb_v1.2\FakeAVCeleb_v1.2\RealVideo-RealAudio\Asian (East)\women\id03211\00032.mp4,True,Asian (East)_women_id03211_00032,train
Caucasian (American)_men_id01201_00028_id04221_wavtolip.wav,fake,00028_id04221_wavtolip,C:\Users\Shivaaya\Desktop\PrsimShieldAI\datasets\FakeAVCeleb_v1.2\FakeAVCeleb_v1.2\FakeVideo-FakeAudio\Caucasian (American)\men\id01201\00028_id04221_wavtolip.mp4,True,Caucasian (American)_men_id01201_00028,train
Asian (South)_men_id04554_00118.wav,real,00118,C:\Users\Shivaaya\Desktop\PrsimShieldAI\datasets\FakeAVCeleb_v1.2\FakeAVCeleb_v1.2\RealVideo-RealAudio\Asian (South)\men\id04554\00118.mp4,True,Asian (South)_men_id04554_00118,train
Caucasian (European)_men_id01157_00048_id00554_crjq1dFN1Ko_faceswap_id00535_wavtolip.wav,fake,00048_id00554_crjq1dFN1Ko_faceswap_id00535_wavtolip,C:\Users\Shivaaya\Desktop\PrsimShieldAI\datasets\FakeAVCeleb_v1.2\FakeAVCeleb_v1.2\FakeVideo-FakeAudio\Caucasian (European)\men\id01157\00048_id00554_crjq1dFN1Ko_faceswap_id00535_wavtolip.mp4,True,Caucasian (European)_men_id01157_00048,train
Asian (South)_women_id06437_00028.wav,real,00028,C:\Users\Shivaaya\Desktop\PrsimShieldAI\datasets\FakeAVCeleb_v1.2\FakeAVCeleb_v1.2\RealVideo-RealAudio\Asian (South)\women\id06437\00028.mp4,True,Asian (South)_women_id06437_00028,train
Caucasian (American)_women_id01091_00236.wav,real,00236,C:\Users\Shivaaya\Desktop\PrsimShieldAI\datasets\FakeAVCeleb_v1.2\FakeAVCeleb_v1.2\RealVideo-RealAudio\Caucasian (American)\women\id01091\00236.mp4,True,Caucasian (American)_women_id01091_00236,val
African_women_id00577_00010.wav,real,00010,C:\Users\Shivaaya\Desktop\PrsimShieldAI\datasets\FakeAVCeleb_v1.2\FakeAVCeleb_v1.2\RealVideo-RealAudio\African\women\id00577\00010.mp4,True,African_women_id00577_00010,test
Caucasian (European)_women_id00813_00169_id00234_wavtolip.wav,fake,00169_id00234_wavtolip,C:\Users\Shivaaya\Desktop\PrsimShieldAI\datasets\FakeAVCeleb_v1.2\FakeAVCeleb_v1.2\FakeVideo-FakeAudio\Caucasian (European)\women\id00813\00169_id00234_wavtolip.mp4,True,Caucasian (European)_women_id00813_00169,train
Asian (South)_women_id04564_00417_0_id06268_wavtolip.wav,fake,00417_0_id06268_wavtolip,C:\Users\Shivaaya\Desktop\PrsimShieldAI\datasets\FakeAVCeleb_v1.2\FakeAVCeleb_v1.2\FakeVideo-FakeAudio\Asian (South)\women\id04564\00417_0_id06268_wavtolip.mp4,True,Asian (South)_women_id04564_00417,test
Caucasian (European)_women_id00365_00078.wav,real,00078,C:\Users\Shivaaya\Desktop\PrsimShieldAI\datasets\FakeAVCeleb_v1.2\FakeAVCeleb_v1.2\RealVideo-RealAudio\Caucasian (European)\women\id00365\00078.mp4,True,Caucasian (European)_women_id00365_00078,train
Asian (East)_men_id01204_00092.wav,real,00092,C:\Users\Shivaaya\Desktop\PrsimShieldAI\datasets\FakeAVCeleb_v1.2\FakeAVCeleb_v1.2\RealVideo-RealAudio\Asian (East)\men\id01204\00092.mp4,True,Asian (East)_men_id01204_00092,test
Caucasian (European)_men_id00990_00160_id00282_wavtolip.wav,fake,00160_id00282_wavtolip,C:\Users\Shivaaya\Desktop\PrsimShieldAI\datasets\FakeAVCeleb_v1.2\FakeAVCeleb_v1.2\FakeVideo-FakeAudio\Caucasian (European)\men\id00990\00160_id00282_wavtolip.mp4,True,Caucasian (European)_men_id00990_00160,train
Asian (East)_men_id07338_00003_id06878_wavtolip.wav,fake,00003_id06878_wavtolip,C:\Users\Shivaaya\Desktop\PrsimShieldAI\datasets\FakeAVCeleb_v1.2\FakeAVCeleb_v1.2\FakeVideo-FakeAudio\Asian (East)\men\id07338\00003_id06878_wavtolip.mp4,True,Asian (East)_men_id07338_00003,train
African_women_id02617_00028_id03656_wavtolip.wav,fake,00028_id03656_wavtolip,C:\Users\Shivaaya\Desktop\PrsimShieldAI\datasets\FakeAVCeleb_v1.2\FakeAVCeleb_v1.2\FakeVideo-FakeAudio\African\women\id02617\00028_id03656_wavtolip.mp4,True,African_women_id02617_00028,train
Caucasian (European)_men_id01058_00005_4_id00265_wavtolip.wav,fake,00005_4_id00265_wavtolip,C:\Users\Shivaaya\Desktop\PrsimShieldAI\datasets\FakeAVCeleb_v1.2\FakeAVCeleb_v1.2\FakeVideo-FakeAudio\Caucasian (European)\men\id01058\00005_4_id00265_wavtolip.mp4,True,Caucasian (European)_men_id01058_00005,train
Caucasian (European)_men_id00171_00092_id00266_utVnnggS30E_id01156_wavtolip.wav,fake,00092_id00266_utVnnggS30E_id01156_wavtolip,C:\Users\Shivaaya\Desktop\PrsimShieldAI\datasets\FakeAVCeleb_v1.2\FakeAVCeleb_v1.2\FakeVideo-FakeAudio\Caucasian (European)\men\id00171\00092_id00266_utVnnggS30E_id01156_wavtolip.mp4,True,Caucasian (European)_men_id00171_00092,test
Asian (South)_women_id00461_00043.wav,real,00043,C:\Users\Shivaaya\Desktop\PrsimShieldAI\datasets\FakeAVCeleb_v1.2\FakeAVCeleb_v1.2\RealVideo-RealAudio\Asian (South)\women\id00461\00043.mp4,True,Asian (South)_women_id00461_00043,train
Asian (East)_women_id05631_00073.wav,real,00073,C:\Users\Shivaaya\Desktop\PrsimShieldAI\datasets\FakeAVCeleb_v1.2\FakeAVCeleb_v1.2\RealVideo-RealAudio\Asian (East)\women\id05631\00073.mp4,True,Asian (East)_women_id05631_00073,train
Asian (South)_men_id06334_00015_id00860_wavtolip.wav,fake,00015_id00860_wavtolip,C:\Users\Shivaaya\Desktop\PrsimShieldAI\datasets\FakeAVCeleb_v1.2\FakeAVCeleb_v1.2\FakeVideo-FakeAudio\Asian (South)\men\id06334\00015_id00860_wavtolip.mp4,True,Asian (South)_men_id06334_00015,train
Caucasian (American)_women_id02466_00136_id01005_lJZrqhcRFSA_id00428_wavtolip.wav,fake,00136_id01005_lJZrqhcRFSA_id00428_wavtolip,C:\Users\Shivaaya\Desktop\PrsimShieldAI\datasets\FakeAVCeleb_v1.2\FakeAVCeleb_v1.2\FakeVideo-FakeAudio\Caucasian (American)\women\id02466\00136_id01005_lJZrqhcRFSA_id00428_wavtolip.mp4,True,Caucasian (American)_women_id02466_00136,train
Caucasian (European)_men_id01058_00005_0_id00305_wavtolip.wav,fake,00005_0_id00305_wavtolip,C:\Users\Shivaaya\Desktop\PrsimShieldAI\datasets\FakeAVCeleb_v1.2\FakeAVCeleb_v1.2\FakeVideo-FakeAudio\Caucasian (European)\men\id01058\00005_0_id00305_wavtolip.mp4,True,Caucasian (European)_men_id01058_00005,val
Caucasian (American)_men_id01172_00015_id01182_zca-PHR_U40_faceswap_id00052_wavtolip.wav,fake,00015_id01182_zca-PHR_U40_faceswap_id00052_wavtolip,C:\Users\Shivaaya\Desktop\PrsimShieldAI\datasets\FakeAVCeleb_v1.2\FakeAVCeleb_v1.2\FakeVideo-FakeAudio\Caucasian (American)\men\id01172\00015_id01182_zca-PHR_U40_faceswap_id00052_wavtolip.mp4,True,Caucasian (American)_men_id01172_00015,train
Caucasian (European)_women_id03649_00001.wav,real,00001,C:\Users\Shivaaya\Desktop\PrsimShieldAI\datasets\FakeAVCeleb_v1.2\FakeAVCeleb_v1.2\RealVideo-RealAudio\Caucasian (European)\women\id03649\00001.mp4,True,Caucasian (European)_women_id03649_00001,train
Asian (East)_women_id04057_00015_id07799_wavtolip.wav,fake,00015_id07799_wavtolip,C:\Users\Shivaaya\Desktop\PrsimShieldAI\datasets\FakeAVCeleb_v1.2\FakeAVCeleb_v1.2\FakeVideo-FakeAudio\Asian (East)\women\id04057\00015_id07799_wavtolip.mp4,True,Asian (East)_women_id04057_00015,train
Caucasian (European)_men_id00709_00206_id01052_Kf4nlIEHfaU_id00185_wavtolip.wav,fake,00206_id01052_Kf4nlIEHfaU_id00185_wavtolip,C:\Users\Shivaaya\Desktop\PrsimShieldAI\datasets\FakeAVCeleb_v1.2\FakeAVCeleb_v1.2\FakeVideo-FakeAudio\Caucasian (European)\men\id00709\00206_id01052_Kf4nlIEHfaU_id00185_wavtolip.mp4,True,Caucasian (European)_men_id00709_00206,train
African_women_id03569_00065_id04437_wavtolip.wav,fake,00065_id04437_wavtolip,C:\Users\Shivaaya\Desktop\PrsimShieldAI\datasets\FakeAVCeleb_v1.2\FakeAVCeleb_v1.2\FakeVideo-FakeAudio\African\women\id03569\00065_id04437_wavtolip.mp4,True,African_women_id03569_00065,train
Caucasian (European)_women_id00395_00420_id03816_XXD0yTNei50_id00188_wavtolip.wav,fake,00420_id03816_XXD0yTNei50_id00188_wavtolip,C:\Users\Shivaaya\Desktop\PrsimShieldAI\datasets\FakeAVCeleb_v1.2\FakeAVCeleb_v1.2\FakeVideo-FakeAudio\Caucasian (European)\women\id00395\00420_id03816_XXD0yTNei50_id00188_wavtolip.mp4,True,Caucasian (European)_women_id00395_00420,train
Caucasian (American)_men_id01182_00167_1_id01175_wavtolip.wav,fake,00167_1_id01175_wavtolip,C:\Users\Shivaaya\Desktop\PrsimShieldAI\datasets\FakeAVCeleb_v1.2\FakeAVCeleb_v1.2\FakeVideo-FakeAudio\Caucasian (American)\men\id01182\00167_1_id01175_wavtolip.mp4,True,Caucasian (American)_men_id01182_00167,train
Caucasian (European)_men_id00358_00217.wav,real,00217,C:\Users\Shivaaya\Desktop\PrsimShieldAI\datasets\FakeAVCeleb_v1.2\FakeAVCeleb_v1.2\RealVideo-RealAudio\Caucasian (European)\men\id00358\00217.mp4,True,Caucasian (European)_men_id00358_00217,test
African_women_id00220_00027.wav,real,00027,C:\Users\Shivaaya\Desktop\PrsimShieldAI\datasets\FakeAVCeleb_v1.2\FakeAVCeleb_v1.2\RealVideo-RealAudio\African\women\id00220\00027.mp4,True,African_women_id00220_00027,train
Asian (South)_women_id04927_00013_id00739_CT-6UmfLiU0_id04927_wavtolip.wav,fake,00013_id00739_CT-6UmfLiU0_id04927_wavtolip,C:\Users\Shivaaya\Desktop\PrsimShieldAI\datasets\FakeAVCeleb_v1.2\FakeAVCeleb_v1.2\FakeVideo-FakeAudio\Asian (South)\women\id04927\00013_id00739_CT-6UmfLiU0_id04927_wavtolip.mp4,True,Asian (South)_women_id04927_00013,train
African_women_id02721_00424.wav,real,00424,C:\Users\Shivaaya\Desktop\PrsimShieldAI\datasets\FakeAVCeleb_v1.2\FakeAVCeleb_v1.2\RealVideo-RealAudio\African\women\id02721\00424.mp4,True,African_women_id02721_00424,test
African_women_id03569_00065_id00220_WlHLlTQKj8g_faceswap_id02586_wavtolip.wav,fake,00065_id00220_WlHLlTQKj8g_faceswap_id02586_wavtolip,C:\Users\Shivaaya\Desktop\PrsimShieldAI\datasets\FakeAVCeleb_v1.2\FakeAVCeleb_v1.2\FakeVideo-FakeAudio\African\women\id03569\00065_id00220_WlHLlTQKj8g_faceswap_id02586_wavtolip.mp4,True,African_women_id03569_00065,train
Asian (South)_women_id00739_00005.wav,real,00005,C:\Users\Shivaaya\Desktop\PrsimShieldAI\datasets\FakeAVCeleb_v1.2\FakeAVCeleb_v1.2\RealVideo-RealAudio\Asian (South)\women\id00739\00005.mp4,True,Asian (South)_women_id00739_00005,test
African_women_id02071_00195.wav,real,00195,C:\Users\Shivaaya\Desktop\PrsimShieldAI\datasets\FakeAVCeleb_v1.2\FakeAVCeleb_v1.2\RealVideo-RealAudio\African\women\id02071\00195.mp4,True,African_women_id02071_00195,val
Caucasian (American)_women_id00841_00078.wav,real,00078,C:\Users\Shivaaya\Desktop\PrsimShieldAI\datasets\FakeAVCeleb_v1.2\FakeAVCeleb_v1.2\RealVideo-RealAudio\Caucasian (American)\women\id00841\00078.mp4,True,Caucasian (American)_women_id00841_00078,train
African_men_id02040_00476.wav,real,00476,C:\Users\Shivaaya\Desktop\PrsimShieldAI\datasets\FakeAVCeleb_v1.2\FakeAVCeleb_v1.2\RealVideo-RealAudio\African\men\id02040\00476.mp4,True,African_men_id02040_00476,train
Caucasian (European)_women_id03858_00092_id03589_wavtolip.wav,fake,00092_id03589_wavtolip,C:\Users\Shivaaya\Desktop\PrsimShieldAI\datasets\FakeAVCeleb_v1.2\FakeAVCeleb_v1.2\FakeVideo-FakeAudio\Caucasian (European)\women\id03858\00092_id03589_wavtolip.mp4,True,Caucasian (European)_women_id03858_00092,train
Caucasian (American)_women_id00272_00195.wav,real,00195,C:\Users\Shivaaya\Desktop\PrsimShieldAI\datasets\FakeAVCeleb_v1.2\FakeAVCeleb_v1.2\RealVideo-RealAudio\Caucasian (American)\women\id00272\00195.mp4,True,Caucasian (American)_women_id00272_00195,train
African_men_id02005_00052.wav,real,00052,C:\Users\Shivaaya\Desktop\PrsimShieldAI\datasets\FakeAVCeleb_v1.2\FakeAVCeleb_v1.2\RealVideo-RealAudio\African\men\id02005\00052.mp4,True,African_men_id02005_00052,train
Asian (South)_men_id07161_00159.wav,real,00159,C:\Users\Shivaaya\Desktop\PrsimShieldAI\datasets\FakeAVCeleb_v1.2\FakeAVCeleb_v1.2\RealVideo-RealAudio\Asian (South)\men\id07161\00159.mp4,True,Asian (South)_men_id07161_00159,val
African_men_id04727_00007.wav,real,00007,C:\Users\Shivaaya\Desktop\PrsimShieldAI\datasets\FakeAVCeleb_v1.2\FakeAVCeleb_v1.2\RealVideo-RealAudio\African\men\id04727\00007.mp4,True,African_men_id04727_00007,val
African_women_id01783_00015.wav,real,00015,C:\Users\Shivaaya\Desktop\PrsimShieldAI\datasets\FakeAVCeleb_v1.2\FakeAVCeleb_v1.2\RealVideo-RealAudio\African\women\id01783\00015.mp4,True,African_women_id01783_00015,test
African_women_id05235_00052.wav,real,00052,C:\Users\Shivaaya\Desktop\PrsimShieldAI\datasets\FakeAVCeleb_v1.2\FakeAVCeleb_v1.2\RealVideo-RealAudio\African\women\id05235\00052.mp4,True,African_women_id05235_00052,train
Asian (South)_women_id03559_00023.wav,real,00023,C:\Users\Shivaaya\Desktop\PrsimShieldAI\datasets\FakeAVCeleb_v1.2\FakeAVCeleb_v1.2\RealVideo-RealAudio\Asian (South)\women\id03559\00023.mp4,True,Asian (South)_women_id03559_00023,train
Caucasian (American)_men_id01172_00015.wav,real,00015,C:\Users\Shivaaya\Desktop\PrsimShieldAI\datasets\FakeAVCeleb_v1.2\FakeAVCeleb_v1.2\RealVideo-RealAudio\Caucasian (American)\men\id01172\00015.mp4,True,Caucasian (American)_men_id01172_00015,train
African_men_id01171_00053.wav,real,00053,C:\Users\Shivaaya\Desktop\PrsimShieldAI\datasets\FakeAVCeleb_v1.2\FakeAVCeleb_v1.2\RealVideo-RealAudio\African\men\id01171\00053.mp4,True,African_men_id01171_00053,val
Caucasian (European)_women_id01001_00086_id00374_w1qI7y9AGTc_id03651_wavtolip.wav,fake,00086_id00374_w1qI7y9AGTc_id03651_wavtolip,C:\Users\Shivaaya\Desktop\PrsimShieldAI\datasets\FakeAVCeleb_v1.2\FakeAVCeleb_v1.2\FakeVideo-FakeAudio\Caucasian (European)\women\id01001\00086_id00374_w1qI7y9AGTc_id03651_wavtolip.mp4,True,Caucasian (European)_women_id01001_00086,val
Asian (South)_women_id00747_00053_id02310_zA-8Pw0SvZg_faceswap_id06437_wavtolip.wav,fake,00053_id02310_zA-8Pw0SvZg_faceswap_id06437_wavtolip,C:\Users\Shivaaya\Desktop\PrsimShieldAI\datasets\FakeAVCeleb_v1.2\FakeAVCeleb_v1.2\FakeVideo-FakeAudio\Asian (South)\women\id00747\00053_id02310_zA-8Pw0SvZg_faceswap_id06437_wavtolip.mp4,True,Asian (South)_women_id00747_00053,train
Asian (South)_women_id06438_00110.wav,real,00110,C:\Users\Shivaaya\Desktop\PrsimShieldAI\datasets\FakeAVCeleb_v1.2\FakeAVCeleb_v1.2\RealVideo-RealAudio\Asian (South)\women\id06438\00110.mp4,True,Asian (South)_women_id06438_00110,train
Caucasian (American)_men_id00169_00021_id00020_wavtolip.wav,fake,00021_id00020_wavtolip,C:\Users\Shivaaya\Desktop\PrsimShieldAI\datasets\FakeAVCeleb_v1.2\FakeAVCeleb_v1.2\FakeVideo-FakeAudio\Caucasian (American)\men\id00169\00021_id00020_wavtolip.mp4,True,Caucasian (American)_men_id00169_00021,train
Caucasian (European)_men_id00559_00078_id01099_ZpgbIKxzkrg_id00055_wavtolip.wav,fake,00078_id01099_ZpgbIKxzkrg_id00055_wavtolip,C:\Users\Shivaaya\Desktop\PrsimShieldAI\datasets\FakeAVCeleb_v1.2\FakeAVCeleb_v1.2\FakeVideo-FakeAudio\Caucasian (European)\men\id00559\00078_id01099_ZpgbIKxzkrg_id00055_wavtolip.mp4,True,Caucasian (European)_men_id00559_00078,test
Asian (South)_women_id04927_00013_id05931_bFqu86NV3hk_id00043_wavtolip.wav,fake,00013_id05931_bFqu86NV3hk_id00043_wavtolip,C:\Users\Shivaaya\Desktop\PrsimShieldAI\datasets\FakeAVCeleb_v1.2\FakeAVCeleb_v1.2\FakeVideo-FakeAudio\Asian (South)\women\id04927\00013_id05931_bFqu86NV3hk_id00043_wavtolip.mp4,True,Asian (South)_women_id04927_00013,train
Asian (South)_men_id04526_00317_id07768_mD6x-0ihLOI_id07210_wavtolip.wav,fake,00317_id07768_mD6x-0ihLOI_id07210_wavtolip,C:\Users\Shivaaya\Desktop\PrsimShieldAI\datasets\FakeAVCeleb_v1.2\FakeAVCeleb_v1.2\FakeVideo-FakeAudio\Asian (South)\men\id04526\00317_id07768_mD6x-0ihLOI_id07210_wavtolip.mp4,True,Asian (South)_men_id04526_00317,train
Asian (South)_men_id04561_00248_id00078_wavtolip.wav,fake,00248_id00078_wavtolip,C:\Users\Shivaaya\Desktop\PrsimShieldAI\datasets\FakeAVCeleb_v1.2\FakeAVCeleb_v1.2\FakeVideo-FakeAudio\Asian (South)\men\id04561\00248_id00078_wavtolip.mp4,True,Asian (South)_men_id04561_00248,train
Caucasian (American)_men_id03525_00048_id01124_wavtolip.wav,fake,00048_id01124_wavtolip,C:\Users\Shivaaya\Desktop\PrsimShieldAI\datasets\FakeAVCeleb_v1.2\FakeAVCeleb_v1.2\FakeVideo-FakeAudio\Caucasian (American)\men\id03525\00048_id01124_wavtolip.mp4,True,Caucasian (American)_men_id03525_00048,train
African_women_id04705_00408.wav,real,00408,C:\Users\Shivaaya\Desktop\PrsimShieldAI\datasets\FakeAVCeleb_v1.2\FakeAVCeleb_v1.2\RealVideo-RealAudio\African\women\id04705\00408.mp4,True,African_women_id04705_00408,train
African_women_id02824_00130_id05106_wavtolip.wav,fake,00130_id05106_wavtolip,C:\Users\Shivaaya\Desktop\PrsimShieldAI\datasets\FakeAVCeleb_v1.2\FakeAVCeleb_v1.2\FakeVideo-FakeAudio\African\women\id02824\00130_id05106_wavtolip.mp4,True,African_women_id02824_00130,train
African_women_id05252_00052_id00460_wavtolip.wav,fake,00052_id00460_wavtolip,C:\Users\Shivaaya\Desktop\PrsimShieldAI\datasets\FakeAVCeleb_v1.2\FakeAVCeleb_v1.2\FakeVideo-FakeAudio\African\women\id05252\00052_id00460_wavtolip.mp4,True,African_women_id05252_00052,train
Caucasian (European)_women_id00484_00202_id00581_7AxvP19LGKg_id03371_wavtolip.wav,fake,00202_id00581_7AxvP19LGKg_id03371_wavtolip,C:\Users\Shivaaya\Desktop\PrsimShieldAI\datasets\FakeAVCeleb_v1.2\FakeAVCeleb_v1.2\FakeVideo-FakeAudio\Caucasian (European)\women\id00484\00202_id00581_7AxvP19LGKg_id03371_wavtolip.mp4,True,Caucasian (European)_women_id00484_00202,train
Asian (East)_women_id08402_00092_id02587_KzwJPH5_8j0_id08139_wavtolip.wav,fake,00092_id02587_KzwJPH5_8j0_id08139_wavtolip,C:\Users\Shivaaya\Desktop\PrsimShieldAI\datasets\FakeAVCeleb_v1.2\FakeAVCeleb_v1.2\FakeVideo-FakeAudio\Asian (East)\women\id08402\00092_id02587_KzwJPH5_8j0_id08139_wavtolip.mp4,True,Asian (East)_women_id08402_00092,val
Caucasian (European)_women_id00234_00063.wav,real,00063,C:\Users\Shivaaya\Desktop\PrsimShieldAI\datasets\FakeAVCeleb_v1.2\FakeAVCeleb_v1.2\RealVideo-RealAudio\Caucasian (European)\women\id00234\00063.mp4,True,Caucasian (European)_women_id00234_00063,val
Caucasian (American)_men_id01201_00028.wav,real,00028,C:\Users\Shivaaya\Desktop\PrsimShieldAI\datasets\FakeAVCeleb_v1.2\FakeAVCeleb_v1.2\RealVideo-RealAudio\Caucasian (American)\men\id01201\00028.mp4,True,Caucasian (American)_men_id01201_00028,train
Caucasian (American)_men_id01210_00283.wav,real,00283,C:\Users\Shivaaya\Desktop\PrsimShieldAI\datasets\FakeAVCeleb_v1.2\FakeAVCeleb_v1.2\RealVideo-RealAudio\Caucasian (American)\men\id01210\00283.mp4,True,Caucasian (American)_men_id01210_00283,train
African_men_id00781_00092_id02494_lObg47hQleE_id01171_wavtolip.wav,fake,00092_id02494_lObg47hQleE_id01171_wavtolip,C:\Users\Shivaaya\Desktop\PrsimShieldAI\datasets\FakeAVCeleb_v1.2\FakeAVCeleb_v1.2\FakeVideo-FakeAudio\African\men\id00781\00092_id02494_lObg47hQleE_id01171_wavtolip.mp4,True,African_men_id00781_00092,train
Caucasian (European)_men_id01052_00076_id00306_CDX55F3nWNc_id00981_wavtolip.wav,fake,00076_id00306_CDX55F3nWNc_id00981_wavtolip,C:\Users\Shivaaya\Desktop\PrsimShieldAI\datasets\FakeAVCeleb_v1.2\FakeAVCeleb_v1.2\FakeVideo-FakeAudio\Caucasian (European)\men\id01052\00076_id00306_CDX55F3nWNc_id00981_wavtolip.mp4,True,Caucasian (European)_men_id01052_00076,val
Asian (South)_men_id00033_00276_0_id04928_wavtolip.wav,fake,00276_0_id04928_wavtolip,C:\Users\Shivaaya\Desktop\PrsimShieldAI\datasets\FakeAVCeleb_v1.2\FakeAVCeleb_v1.2\FakeVideo-FakeAudio\Asian (South)\men\id00033\00276_0_id04928_wavtolip.mp4,True,Asian (South)_men_id00033_00276,train
Caucasian (European)_women_id00569_00239.wav,real,00239,C:\Users\Shivaaya\Desktop\PrsimShieldAI\datasets\FakeAVCeleb_v1.2\FakeAVCeleb_v1.2\RealVideo-RealAudio\Caucasian (European)\women\id00569\00239.mp4,True,Caucasian (European)_women_id00569_00239,val
Caucasian (American)_women_id01227_00052.wav,real,00052,C:\Users\Shivaaya\Desktop\PrsimShieldAI\datasets\FakeAVCeleb_v1.2\FakeAVCeleb_v1.2\RealVideo-RealAudio\Caucasian (American)\women\id01227\00052.mp4,True,Caucasian (American)_women_id01227_00052,val
Asian (South)_women_id03897_00021.wav,real,00021,C:\Users\Shivaaya\Desktop\PrsimShieldAI\datasets\FakeAVCeleb_v1.2\FakeAVCeleb_v1.2\RealVideo-RealAudio\Asian (South)\women\id03897\00021.mp4,True,Asian (South)_women_id03897_00021,train
African_women_id04437_00002.wav,real,00002,C:\Users\Shivaaya\Desktop\PrsimShieldAI\datasets\FakeAVCeleb_v1.2\FakeAVCeleb_v1.2\RealVideo-RealAudio\African\women\id04437\00002.mp4,True,African_women_id04437_00002,train
Asian (South)_men_id00414_00052_id04537_G1e1UFopjfI_faceswap_id07165_wavtolip.wav,fake,00052_id04537_G1e1UFopjfI_faceswap_id07165_wavtolip,C:\Users\Shivaaya\Desktop\PrsimShieldAI\datasets\FakeAVCeleb_v1.2\FakeAVCeleb_v1.2\FakeVideo-FakeAudio\Asian (South)\men\id00414\00052_id04537_G1e1UFopjfI_faceswap_id07165_wavtolip.mp4,True,Asian (South)_men_id00414_00052,train
Caucasian (European)_men_id01157_00048_id00183_wavtolip.wav,fake,00048_id00183_wavtolip,C:\Users\Shivaaya\Desktop\PrsimShieldAI\datasets\FakeAVCeleb_v1.2\FakeAVCeleb_v1.2\FakeVideo-FakeAudio\Caucasian (European)\men\id01157\00048_id00183_wavtolip.mp4,True,Caucasian (European)_men_id01157_00048,test
Caucasian (American)_women_id00458_00072.wav,real,00072,C:\Users\Shivaaya\Desktop\PrsimShieldAI\datasets\FakeAVCeleb_v1.2\FakeAVCeleb_v1.2\RealVideo-RealAudio\Caucasian (American)\women\id00458\00072.mp4,True,Caucasian (American)_women_id00458_00072,val
Caucasian (European)_men_id00946_00126.wav,real,00126,C:\Users\Shivaaya\Desktop\PrsimShieldAI\datasets\FakeAVCeleb_v1.2\FakeAVCeleb_v1.2\RealVideo-RealAudio\Caucasian (European)\men\id00946\00126.mp4,True,Caucasian (European)_men_id00946_00126,train
African_women_id05106_00078.wav,real,00078,C:\Users\Shivaaya\Desktop\PrsimShieldAI\datasets\FakeAVCeleb_v1.2\FakeAVCeleb_v1.2\RealVideo-RealAudio\African\women\id05106\00078.mp4,True,African_women_id05106_00078,train
Asian (South)_men_id00350_00015.wav,real,00015,C:\Users\Shivaaya\Desktop\PrsimShieldAI\datasets\FakeAVCeleb_v1.2\FakeAVCeleb_v1.2\RealVideo-RealAudio\Asian (South)\men\id00350\00015.mp4,True,Asian (South)_men_id00350_00015,val
Asian (South)_women_id02089_00092_id03897_wavtolip.wav,fake,00092_id03897_wavtolip,C:\Users\Shivaaya\Desktop\PrsimShieldAI\datasets\FakeAVCeleb_v1.2\FakeAVCeleb_v1.2\FakeVideo-FakeAudio\Asian (South)\women\id02089\00092_id03897_wavtolip.mp4,True,Asian (South)_women_id02089_00092,train
Asian (East)_men_id01589_00017.wav,real,00017,C:\Users\Shivaaya\Desktop\PrsimShieldAI\datasets\FakeAVCeleb_v1.2\FakeAVCeleb_v1.2\RealVideo-RealAudio\Asian (East)\men\id01589\00017.mp4,True,Asian (East)_men_id01589_00017,test
Asian (East)_men_id02493_00073.wav,real,00073,C:\Users\Shivaaya\Desktop\PrsimShieldAI\datasets\FakeAVCeleb_v1.2\FakeAVCeleb_v1.2\RealVideo-RealAudio\Asian (East)\men\id02493\00073.mp4,True,Asian (East)_men_id02493_00073,val
Caucasian (American)_men_id00775_00092.wav,real,00092,C:\Users\Shivaaya\Desktop\PrsimShieldAI\datasets\FakeAVCeleb_v1.2\FakeAVCeleb_v1.2\RealVideo-RealAudio\Caucasian (American)\men\id00775\00092.mp4,True,Caucasian (American)_men_id00775_00092,train
Caucasian (American)_women_id01227_00052_id00752_mqS1sUVFjhM_id00291_wavtolip.wav,fake,00052_id00752_mqS1sUVFjhM_id00291_wavtolip,C:\Users\Shivaaya\Desktop\PrsimShieldAI\datasets\FakeAVCeleb_v1.2\FakeAVCeleb_v1.2\FakeVideo-FakeAudio\Caucasian (American)\women\id01227\00052_id00752_mqS1sUVFjhM_id00291_wavtolip.mp4,True,Caucasian (American)_women_id01227_00052,test
Asian (East)_women_id06388_00005.wav,real,00005,C:\Users\Shivaaya\Desktop\PrsimShieldAI\datasets\FakeAVCeleb_v1.2\FakeAVCeleb_v1.2\RealVideo-RealAudio\Asian (East)\women\id06388\00005.mp4,True,Asian (East)_women_id06388_00005,train
Caucasian (European)_women_id03816_00093.wav,real,00093,C:\Users\Shivaaya\Desktop\PrsimShieldAI\datasets\FakeAVCeleb_v1.2\FakeAVCeleb_v1.2\RealVideo-RealAudio\Caucasian (European)\women\id03816\00093.mp4,True,Caucasian (European)_women_id03816_00093,train
Asian (South)_women_id06437_00028_id07686_lwSGz24c1Bs_id04070_wavtolip.wav,fake,00028_id07686_lwSGz24c1Bs_id04070_wavtolip,C:\Users\Shivaaya\Desktop\PrsimShieldAI\datasets\FakeAVCeleb_v1.2\FakeAVCeleb_v1.2\FakeVideo-FakeAudio\Asian (South)\women\id06437\00028_id07686_lwSGz24c1Bs_id04070_wavtolip.mp4,True,Asian (South)_women_id06437_00028,test
Caucasian (European)_women_id00270_00088_id03858_wavtolip.wav,fake,00088_id03858_wavtolip,C:\Users\Shivaaya\Desktop\PrsimShieldAI\datasets\FakeAVCeleb_v1.2\FakeAVCeleb_v1.2\FakeVideo-FakeAudio\Caucasian (European)\women\id00270\00088_id03858_wavtolip.mp4,True,Caucasian (European)_women_id00270_00088,val
African_men_id01717_00005_id02005_7_Egh9mW5y4_faceswap_id01170_wavtolip.wav,fake,00005_id02005_7_Egh9mW5y4_faceswap_id01170_wavtolip,C:\Users\Shivaaya\Desktop\PrsimShieldAI\datasets\FakeAVCeleb_v1.2\FakeAVCeleb_v1.2\FakeVideo-FakeAudio\African\men\id01717\00005_id02005_7_Egh9mW5y4_faceswap_id01170_wavtolip.mp4,True,African_men_id01717_00005,test
African_women_id03656_00052_3_id04705_wavtolip.wav,fake,00052_3_id04705_wavtolip,C:\Users\Shivaaya\Desktop\PrsimShieldAI\datasets\FakeAVCeleb_v1.2\FakeAVCeleb_v1.2\FakeVideo-FakeAudio\African\women\id03656\00052_3_id04705_wavtolip.mp4,True,African_women_id03656_00052,train
Asian (East)_women_id00935_00005_id00579_yc8eTBM4N3c_id05576_wavtolip.wav,fake,00005_id00579_yc8eTBM4N3c_id05576_wavtolip,C:\Users\Shivaaya\Desktop\PrsimShieldAI\datasets\FakeAVCeleb_v1.2\FakeAVCeleb_v1.2\FakeVideo-FakeAudio\Asian (East)\women\id00935\00005_id00579_yc8eTBM4N3c_id05576_wavtolip.mp4,True,Asian (East)_women_id00935_00005,train
African_women_id00460_00005_id04437_2csrqaF55pk_id02808_wavtolip.wav,fake,00005_id04437_2csrqaF55pk_id02808_wavtolip,C:\Users\Shivaaya\Desktop\PrsimShieldAI\datasets\FakeAVCeleb_v1.2\FakeAVCeleb_v1.2\FakeVideo-FakeAudio\African\women\id00460\00005_id04437_2csrqaF55pk_id02808_wavtolip.mp4,True,African_women_id00460_00005,train
Asian (East)_men_id05268_00010.wav,real,00010,C:\Users\Shivaaya\Desktop\PrsimShieldAI\datasets\FakeAVCeleb_v1.2\FakeAVCeleb_v1.2\RealVideo-RealAudio\Asian (East)\men\id05268\00010.mp4,True,Asian (East)_men_id05268_00010,train
Caucasian (American)_women_id00555_00005.wav,real,00005,C:\Users\Shivaaya\Desktop\PrsimShieldAI\datasets\FakeAVCeleb_v1.2\FakeAVCeleb_v1.2\RealVideo-RealAudio\Caucasian (American)\women\id00555\00005.mp4,True,Caucasian (American)_women_id00555_00005,train
Asian (East)_women_id03379_00032.wav,real,00032,C:\Users\Shivaaya\Desktop\PrsimShieldAI\datasets\FakeAVCeleb_v1.2\FakeAVCeleb_v1.2\RealVideo-RealAudio\Asian (East)\women\id03379\00032.mp4,True,Asian (East)_women_id03379_00032,val
Caucasian (European)_men_id00055_00120_id00535_BhvTIJ-YG5s_id01099_wavtolip.wav,fake,00120_id00535_BhvTIJ-YG5s_id01099_wavtolip,C:\Users\Shivaaya\Desktop\PrsimShieldAI\datasets\FakeAVCeleb_v1.2\FakeAVCeleb_v1.2\FakeVideo-FakeAudio\Caucasian (European)\men\id00055\00120_id00535_BhvTIJ-YG5s_id01099_wavtolip.mp4,True,Caucasian (European)_men_id00055_00120,train
Asian (South)_men_id07768_00143.wav,real,00143,C:\Users\Shivaaya\Desktop\PrsimShieldAI\datasets\FakeAVCeleb_v1.2\FakeAVCeleb_v1.2\RealVideo-RealAudio\Asian (South)\men\id07768\00143.mp4,True,Asian (South)_men_id07768_00143,train
Asian (South)_men_id00773_00038.wav,real,00038,C:\Users\Shivaaya\Desktop\PrsimShieldAI\datasets\FakeAVCeleb_v1.2\FakeAVCeleb_v1.2\RealVideo-RealAudio\Asian (South)\men\id00773\00038.mp4,True,Asian (South)_men_id00773_00038,train
Caucasian (European)_men_id00559_00078.wav,real,00078,C:\Users\Shivaaya\Desktop\PrsimShieldAI\datasets\FakeAVCeleb_v1.2\FakeAVCeleb_v1.2\RealVideo-RealAudio\Caucasian (European)\men\id00559\00078.mp4,True,Caucasian (European)_men_id00559_00078,train
Asian (South)_men_id06334_00015.wav,real,00015,C:\Users\Shivaaya\Desktop\PrsimShieldAI\datasets\FakeAVCeleb_v1.2\FakeAVCeleb_v1.2\RealVideo-RealAudio\Asian (South)\men\id06334\00015.mp4,True,Asian (South)_men_id06334_00015,train
Caucasian (European)_women_id00495_00027.wav,real,00027,C:\Users\Shivaaya\Desktop\PrsimShieldAI\datasets\FakeAVCeleb_v1.2\FakeAVCeleb_v1.2\RealVideo-RealAudio\Caucasian (European)\women\id00495\00027.mp4,True,Caucasian (European)_women_id00495_00027,test
Caucasian (American)_women_id00180_00206_id00428_wavtolip.wav,fake,00206_id00428_wavtolip,C:\Users\Shivaaya\Desktop\PrsimShieldAI\datasets\FakeAVCeleb_v1.2\FakeAVCeleb_v1.2\FakeVideo-FakeAudio\Caucasian (American)\women\id00180\00206_id00428_wavtolip.mp4,True,Caucasian (American)_women_id00180_00206,val
Caucasian (European)_men_id01099_00206_id00919_XDUn0Pskyrk_faceswap_id01058_wavtolip.wav,fake,00206_id00919_XDUn0Pskyrk_faceswap_id01058_wavtolip,C:\Users\Shivaaya\Desktop\PrsimShieldAI\datasets\FakeAVCeleb_v1.2\FakeAVCeleb_v1.2\FakeVideo-FakeAudio\Caucasian (European)\men\id01099\00206_id00919_XDUn0Pskyrk_faceswap_id01058_wavtolip.mp4,True,Caucasian (European)_men_id01099_00206,train
Caucasian (American)_women_id00616_00305_id01225_WuzuZoM84Ws_id00616_wavtolip.wav,fake,00305_id01225_WuzuZoM84Ws_id00616_wavtolip,C:\Users\Shivaaya\Desktop\PrsimShieldAI\datasets\FakeAVCeleb_v1.2\FakeAVCeleb_v1.2\FakeVideo-FakeAudio\Caucasian (American)\women\id00616\00305_id01225_WuzuZoM84Ws_id00616_wavtolip.mp4,True,Caucasian (American)_women_id00616_00305,train
Asian (East)_women_id02587_00020.wav,real,00020,C:\Users\Shivaaya\Desktop\PrsimShieldAI\datasets\FakeAVCeleb_v1.2\FakeAVCeleb_v1.2\RealVideo-RealAudio\Asian (East)\women\id02587\00020.mp4,True,Asian (East)_women_id02587_00020,train
Asian (South)_men_id07165_00368.wav,real,00368,C:\Users\Shivaaya\Desktop\PrsimShieldAI\datasets\FakeAVCeleb_v1.2\FakeAVCeleb_v1.2\RealVideo-RealAudio\Asian (South)\men\id07165\00368.mp4,True,Asian (South)_men_id07165_00368,test
Caucasian (American)_women_id00418_00052.wav,real,00052,C:\Users\Shivaaya\Desktop\PrsimShieldAI\datasets\FakeAVCeleb_v1.2\FakeAVCeleb_v1.2\RealVideo-RealAudio\Caucasian (American)\women\id00418\00052.mp4,True,Caucasian (American)_women_id00418_00052,train
Asian (East)_women_id05576_00368.wav,real,00368,C:\Users\Shivaaya\Desktop\PrsimShieldAI\datasets\FakeAVCeleb_v1.2\FakeAVCeleb_v1.2\RealVideo-RealAudio\Asian (East)\women\id05576\00368.mp4,True,Asian (East)_women_id05576_00368,test
Caucasian (American)_women_id00618_00195.wav,real,00195,C:\Users\Shivaaya\Desktop\PrsimShieldAI\datasets\FakeAVCeleb_v1.2\FakeAVCeleb_v1.2\RealVideo-RealAudio\Caucasian (American)\women\id00618\00195.mp4,True,Caucasian (American)_women_id00618_00195,val
Asian (East)_women_id00935_00005_id04414_0sJN-9GIO-M_faceswap_id03379_wavtolip.wav,fake,00005_id04414_0sJN-9GIO-M_faceswap_id03379_wavtolip,C:\Users\Shivaaya\Desktop\PrsimShieldAI\datasets\FakeAVCeleb_v1.2\FakeAVCeleb_v1.2\FakeVideo-FakeAudio\Asian (East)\women\id00935\00005_id04414_0sJN-9GIO-M_faceswap_id03379_wavtolip.mp4,True,Asian (East)_women_id00935_00005,val
Asian (East)_men_id04774_00032_id04222_EAw7MSynKF8_id02365_wavtolip.wav,fake,00032_id04222_EAw7MSynKF8_id02365_wavtolip,C:\Users\Shivaaya\Desktop\PrsimShieldAI\datasets\FakeAVCeleb_v1.2\FakeAVCeleb_v1.2\FakeVideo-FakeAudio\Asian (East)\men\id04774\00032_id04222_EAw7MSynKF8_id02365_wavtolip.mp4,True,Asian (East)_men_id04774_00032,val
Caucasian (American)_men_id00345_00243_id03525_wavtolip.wav,fake,00243_id03525_wavtolip,C:\Users\Shivaaya\Desktop\PrsimShieldAI\datasets\FakeAVCeleb_v1.2\FakeAVCeleb_v1.2\FakeVideo-FakeAudio\Caucasian (American)\men\id00345\00243_id03525_wavtolip.mp4,True,Caucasian (American)_men_id00345_00243,train
Caucasian (European)_men_id03205_00150.wav,real,00150,C:\Users\Shivaaya\Desktop\PrsimShieldAI\datasets\FakeAVCeleb_v1.2\FakeAVCeleb_v1.2\RealVideo-RealAudio\Caucasian (European)\men\id03205\00150.mp4,True,Caucasian (European)_men_id03205_00150,train
Caucasian (American)_men_id01035_00012.wav,real,00012,C:\Users\Shivaaya\Desktop\PrsimShieldAI\datasets\FakeAVCeleb_v1.2\FakeAVCeleb_v1.2\RealVideo-RealAudio\Caucasian (American)\men\id01035\00012.mp4,True,Caucasian (American)_men_id01035_00012,val
Asian (South)_men_id03344_00114_id00103_qpTVaP4y5DQ_id03945_wavtolip.wav,fake,00114_id00103_qpTVaP4y5DQ_id03945_wavtolip,C:\Users\Shivaaya\Desktop\PrsimShieldAI\datasets\FakeAVCeleb_v1.2\FakeAVCeleb_v1.2\FakeVideo-FakeAudio\Asian (South)\men\id03344\00114_id00103_qpTVaP4y5DQ_id03945_wavtolip.mp4,True,Asian (South)_men_id03344_00114,val
Caucasian (European)_men_id00520_00187_id01058_2DKbOjf3Wyo_id00535_wavtolip.wav,fake,00187_id01058_2DKbOjf3Wyo_id00535_wavtolip,C:\Users\Shivaaya\Desktop\PrsimShieldAI\datasets\FakeAVCeleb_v1.2\FakeAVCeleb_v1.2\FakeVideo-FakeAudio\Caucasian (European)\men\id00520\00187_id01058_2DKbOjf3Wyo_id00535_wavtolip.mp4,True,Caucasian (European)_men_id00520_00187,train
Caucasian (American)_women_id00431_00039_id01245_wavtolip.wav,fake,00039_id01245_wavtolip,C:\Users\Shivaaya\Desktop\PrsimShieldAI\datasets\FakeAVCeleb_v1.2\FakeAVCeleb_v1.2\FakeVideo-FakeAudio\Caucasian (American)\women\id00431\00039_id01245_wavtolip.mp4,True,Caucasian (American)_women_id00431_00039,test
Asian (South)_men_id00033_00276_1_id08314_wavtolip.wav,fake,00276_1_id08314_wavtolip,C:\Users\Shivaaya\Desktop\PrsimShieldAI\datasets\FakeAVCeleb_v1.2\FakeAVCeleb_v1.2\FakeVideo-FakeAudio\Asian (South)\men\id00033\00276_1_id08314_wavtolip.mp4,True,Asian (South)_men_id00033_00276,train
African_women_id05980_00143.wav,real,00143,C:\Users\Shivaaya\Desktop\PrsimShieldAI\datasets\FakeAVCeleb_v1.2\FakeAVCeleb_v1.2\RealVideo-RealAudio\African\women\id05980\00143.mp4,True,African_women_id05980_00143,val
African_men_id01179_00160_id02005_7_Egh9mW5y4_faceswap_id02316_wavtolip.wav,fake,00160_id02005_7_Egh9mW5y4_faceswap_id02316_wavtolip,C:\Users\Shivaaya\Desktop\PrsimShieldAI\datasets\FakeAVCeleb_v1.2\FakeAVCeleb_v1.2\FakeVideo-FakeAudio\African\men\id01179\00160_id02005_7_Egh9mW5y4_faceswap_id02316_wavtolip.mp4,True,African_men_id01179_00160,test
African_women_id02824_00130_id00832_Jr4-dXRChME_id04939_wavtolip.wav,fake,00130_id00832_Jr4-dXRChME_id04939_wavtolip,C:\Users\Shivaaya\Desktop\PrsimShieldAI\datasets\FakeAVCeleb_v1.2\FakeAVCeleb_v1.2\FakeVideo-FakeAudio\African\women\id02824\00130_id00832_Jr4-dXRChME_id04939_wavtolip.mp4,True,African_women_id02824_00130,train
Asian (South)_women_id00417_00069.wav,real,00069,C:\Users\Shivaaya\Desktop\PrsimShieldAI\datasets\FakeAVCeleb_v1.2\FakeAVCeleb_v1.2\RealVideo-RealAudio\Asian (South)\women\id00417\00069.mp4,True,Asian (South)_women_id00417_00069,train
African_men_id01179_00160_id02005_7_Egh9mW5y4_faceswap_id01528_wavtolip.wav,fake,00160_id02005_7_Egh9mW5y4_faceswap_id01528_wavtolip,C:\Users\Shivaaya\Desktop\PrsimShieldAI\datasets\FakeAVCeleb_v1.2\FakeAVCeleb_v1.2\FakeVideo-FakeAudio\African\men\id01179\00160_id02005_7_Egh9mW5y4_faceswap_id01528_wavtolip.mp4,True,African_men_id01179_00160,train
Caucasian (European)_men_id00292_00072.wav,real,00072,C:\Users\Shivaaya\Desktop\PrsimShieldAI\datasets\FakeAVCeleb_v1.2\FakeAVCeleb_v1.2\RealVideo-RealAudio\Caucasian (European)\men\id00292\00072.mp4,True,Caucasian (European)_men_id00292_00072,train
Caucasian (European)_men_id01123_00072.wav,real,00072,C:\Users\Shivaaya\Desktop\PrsimShieldAI\datasets\FakeAVCeleb_v1.2\FakeAVCeleb_v1.2\RealVideo-RealAudio\Caucasian (European)\men\id01123\00072.mp4,True,Caucasian (European)_men_id01123_00072,train
Caucasian (American)_men_id01239_00280.wav,real,00280,C:\Users\Shivaaya\Desktop\PrsimShieldAI\datasets\FakeAVCeleb_v1.2\FakeAVCeleb_v1.2\RealVideo-RealAudio\Caucasian (American)\men\id01239\00280.mp4,True,Caucasian (American)_men_id01239_00280,train
Asian (East)_men_id08299_00110_2_id00126_wavtolip.wav,fake,00110_2_id00126_wavtolip,C:\Users\Shivaaya\Desktop\PrsimShieldAI\datasets\FakeAVCeleb_v1.2\FakeAVCeleb_v1.2\FakeVideo-FakeAudio\Asian (East)\men\id08299\00110_2_id00126_wavtolip.mp4,True,Asian (East)_men_id08299_00110,train
Asian (East)_men_id02332_00055.wav,real,00055,C:\Users\Shivaaya\Desktop\PrsimShieldAI\datasets\FakeAVCeleb_v1.2\FakeAVCeleb_v1.2\RealVideo-RealAudio\Asian (East)\men\id02332\00055.mp4,True,Asian (East)_men_id02332_00055,train
Caucasian (American)_men_id01044_00336.wav,real,00336,C:\Users\Shivaaya\Desktop\PrsimShieldAI\datasets\FakeAVCeleb_v1.2\FakeAVCeleb_v1.2\RealVideo-RealAudio\Caucasian (American)\men\id01044\00336.mp4,True,Caucasian (American)_men_id01044_00336,train
Caucasian (European)_women_id00823_00125_id00395_wM5kGJfTtEM_faceswap_id00332_wavtolip.wav,fake,00125_id00395_wM5kGJfTtEM_faceswap_id00332_wavtolip,C:\Users\Shivaaya\Desktop\PrsimShieldAI\datasets\FakeAVCeleb_v1.2\FakeAVCeleb_v1.2\FakeVideo-FakeAudio\Caucasian (European)\women\id00823\00125_id00395_wM5kGJfTtEM_faceswap_id00332_wavtolip.mp4,True,Caucasian (European)_women_id00823_00125,test
Caucasian (European)_women_id00374_00311.wav,real,00311,C:\Users\Shivaaya\Desktop\PrsimShieldAI\datasets\FakeAVCeleb_v1.2\FakeAVCeleb_v1.2\RealVideo-RealAudio\Caucasian (European)\women\id00374\00311.mp4,True,Caucasian (European)_women_id00374_00311,train
African_men_id01597_00005.wav,real,00005,C:\Users\Shivaaya\Desktop\PrsimShieldAI\datasets\FakeAVCeleb_v1.2\FakeAVCeleb_v1.2\RealVideo-RealAudio\African\men\id01597\00005.mp4,True,African_men_id01597_00005,val
Asian (East)_women_id09175_00072_id06388_AtidJ-WlONc_id06054_wavtolip.wav,fake,00072_id06388_AtidJ-WlONc_id06054_wavtolip,C:\Users\Shivaaya\Desktop\PrsimShieldAI\datasets\FakeAVCeleb_v1.2\FakeAVCeleb_v1.2\FakeVideo-FakeAudio\Asian (East)\women\id09175\00072_id06388_AtidJ-WlONc_id06054_wavtolip.mp4,True,Asian (East)_women_id09175_00072,train
Asian (East)_women_id07901_00040_id00582_wavtolip.wav,fake,00040_id00582_wavtolip,C:\Users\Shivaaya\Desktop\PrsimShieldAI\datasets\FakeAVCeleb_v1.2\FakeAVCeleb_v1.2\FakeVideo-FakeAudio\Asian (East)\women\id07901\00040_id00582_wavtolip.mp4,True,Asian (East)_women_id07901_00040,val
Asian (East)_women_id06061_00002.wav,real,00002,C:\Users\Shivaaya\Desktop\PrsimShieldAI\datasets\FakeAVCeleb_v1.2\FakeAVCeleb_v1.2\RealVideo-RealAudio\Asian (East)\women\id06061\00002.mp4,True,Asian (East)_women_id06061_00002,train
Caucasian (European)_women_id00591_00001.wav,real,00001,C:\Users\Shivaaya\Desktop\PrsimShieldAI\datasets\FakeAVCeleb_v1.2\FakeAVCeleb_v1.2\RealVideo-RealAudio\Caucasian (European)\women\id00591\00001.mp4,True,Caucasian (European)_women_id00591_00001,test
Caucasian (American)_men_id00049_00118_id00775_yeCUxHgUHxc_faceswap_id01163_wavtolip.wav,fake,00118_id00775_yeCUxHgUHxc_faceswap_id01163_wavtolip,C:\Users\Shivaaya\Desktop\PrsimShieldAI\datasets\FakeAVCeleb_v1.2\FakeAVCeleb_v1.2\FakeVideo-FakeAudio\Caucasian (American)\men\id00049\00118_id00775_yeCUxHgUHxc_faceswap_id01163_wavtolip.mp4,True,Caucasian (American)_men_id00049_00118,train
African_men_id01972_00078_id01392_wavtolip.wav,fake,00078_id01392_wavtolip,C:\Users\Shivaaya\Desktop\PrsimShieldAI\datasets\FakeAVCeleb_v1.2\FakeAVCeleb_v1.2\FakeVideo-FakeAudio\African\men\id01972\00078_id01392_wavtolip.mp4,True,African_men_id01972_00078,train
Asian (East)_men_id08613_00074.wav,real,00074,C:\Users\Shivaaya\Desktop\PrsimShieldAI\datasets\FakeAVCeleb_v1.2\FakeAVCeleb_v1.2\RealVideo-RealAudio\Asian (East)\men\id08613\00074.mp4,True,Asian (East)_men_id08613_00074,train
Caucasian (European)_women_id03858_00092_id00735_wavtolip.wav,fake,00092_id00735_wavtolip,C:\Users\Shivaaya\Desktop\PrsimShieldAI\datasets\FakeAVCeleb_v1.2\FakeAVCeleb_v1.2\FakeVideo-FakeAudio\Caucasian (European)\women\id03858\00092_id00735_wavtolip.mp4,True,Caucasian (European)_women_id03858_00092,train
African_men_id00701_00092.wav,real,00092,C:\Users\Shivaaya\Desktop\PrsimShieldAI\datasets\FakeAVCeleb_v1.2\FakeAVCeleb_v1.2\RealVideo-RealAudio\African\men\id00701\00092.mp4,True,African_men_id00701_00092,train
Asian (South)_men_id07058_00010_id04562_qio_Gs7wjvY_id06753_wavtolip.wav,fake,00010_id04562_qio_Gs7wjvY_id06753_wavtolip,C:\Users\Shivaaya\Desktop\PrsimShieldAI\datasets\FakeAVCeleb_v1.2\FakeAVCeleb_v1.2\FakeVideo-FakeAudio\Asian (South)\men\id07058\00010_id04562_qio_Gs7wjvY_id06753_wavtolip.mp4,True,Asian (South)_men_id07058_00010,train
Asian (South)_women_id00488_00028.wav,real,00028,C:\Users\Shivaaya\Desktop\PrsimShieldAI\datasets\FakeAVCeleb_v1.2\FakeAVCeleb_v1.2\RealVideo-RealAudio\Asian (South)\women\id00488\00028.mp4,True,Asian (South)_women_id00488_00028,train
African_men_id00173_00118_id02040_wavtolip.wav,fake,00118_id02040_wavtolip,C:\Users\Shivaaya\Desktop\PrsimShieldAI\datasets\FakeAVCeleb_v1.2\FakeAVCeleb_v1.2\FakeVideo-FakeAudio\African\men\id00173\00118_id02040_wavtolip.mp4,True,African_men_id00173_00118,train
Asian (East)_men_id05479_05479.wav,real,05479,C:\Users\Shivaaya\Desktop\PrsimShieldAI\datasets\FakeAVCeleb_v1.2\FakeAVCeleb_v1.2\RealVideo-RealAudio\Asian (East)\men\id05479\05479.mp4,True,Asian (East)_men_id05479_05479,train
Asian (East)_men_id04774_00032_id06269_Jm9bEizIGBE_faceswap_id02493_wavtolip.wav,fake,00032_id06269_Jm9bEizIGBE_faceswap_id02493_wavtolip,C:\Users\Shivaaya\Desktop\PrsimShieldAI\datasets\FakeAVCeleb_v1.2\FakeAVCeleb_v1.2\FakeVideo-FakeAudio\Asian (East)\men\id04774\00032_id06269_Jm9bEizIGBE_faceswap_id02493_wavtolip.mp4,True,Asian (East)_men_id04774_00032,train
African_men_id01521_00109.wav,real,00109,C:\Users\Shivaaya\Desktop\PrsimShieldAI\datasets\FakeAVCeleb_v1.2\FakeAVCeleb_v1.2\RealVideo-RealAudio\African\men\id01521\00109.mp4,True,African_men_id01521_00109,test
Caucasian (European)_men_id01051_00322.wav,real,00322,C:\Users\Shivaaya\Desktop\PrsimShieldAI\datasets\FakeAVCeleb_v1.2\FakeAVCeleb_v1.2\RealVideo-RealAudio\Caucasian (European)\men\id01051\00322.mp4,True,Caucasian (European)_men_id01051_00322,train
African_men_id02342_00191.wav,real,00191,C:\Users\Shivaaya\Desktop\PrsimShieldAI\datasets\FakeAVCeleb_v1.2\FakeAVCeleb_v1.2\RealVideo-RealAudio\African\men\id02342\00191.mp4,True,African_men_id02342_00191,train
African_men_id01597_00005_2_id02494_wavtolip.wav,fake,00005_2_id02494_wavtolip,C:\Users\Shivaaya\Desktop\PrsimShieldAI\datasets\FakeAVCeleb_v1.2\FakeAVCeleb_v1.2\FakeVideo-FakeAudio\African\men\id01597\00005_2_id02494_wavtolip.mp4,True,African_men_id01597_00005,train
Caucasian (American)_men_id04219_00130.wav,real,00130,C:\Users\Shivaaya\Desktop\PrsimShieldAI\datasets\FakeAVCeleb_v1.2\FakeAVCeleb_v1.2\RealVideo-RealAudio\Caucasian (American)\men\id04219\00130.mp4,True,Caucasian (American)_men_id04219_00130,test
Asian (South)_women_id04927_00013.wav,real,00013,C:\Users\Shivaaya\Desktop\PrsimShieldAI\datasets\FakeAVCeleb_v1.2\FakeAVCeleb_v1.2\RealVideo-RealAudio\Asian (South)\women\id04927\00013.mp4,True,Asian (South)_women_id04927_00013,train
Caucasian (American)_women_id01225_00300.wav,real,00300,C:\Users\Shivaaya\Desktop\PrsimShieldAI\datasets\FakeAVCeleb_v1.2\FakeAVCeleb_v1.2\RealVideo-RealAudio\Caucasian (American)\women\id01225\00300.mp4,True,Caucasian (American)_women_id01225_00300,train
Caucasian (European)_men_id00520_00187.wav,real,00187,C:\Users\Shivaaya\Desktop\PrsimShieldAI\datasets\FakeAVCeleb_v1.2\FakeAVCeleb_v1.2\RealVideo-RealAudio\Caucasian (European)\men\id00520\00187.mp4,True,Caucasian (European)_men_id00520_00187,train
Asian (South)_men_id04599_00111.wav,real,00111,C:\Users\Shivaaya\Desktop\PrsimShieldAI\datasets\FakeAVCeleb_v1.2\FakeAVCeleb_v1.2\RealVideo-RealAudio\Asian (South)\men\id04599\00111.mp4,True,Asian (South)_men_id04599_00111,test
African_women_id02948_00298.wav,real,00298,C:\Users\Shivaaya\Desktop\PrsimShieldAI\datasets\FakeAVCeleb_v1.2\FakeAVCeleb_v1.2\RealVideo-RealAudio\African\women\id02948\00298.mp4,True,African_women_id02948_00298,train
Asian (South)_men_id04526_00317_1_id04526_wavtolip.wav,fake,00317_1_id04526_wavtolip,C:\Users\Shivaaya\Desktop\PrsimShieldAI\datasets\FakeAVCeleb_v1.2\FakeAVCeleb_v1.2\FakeVideo-FakeAudio\Asian (South)\men\id04526\00317_1_id04526_wavtolip.mp4,True,Asian (South)_men_id04526_00317,test
Asian (South)_men_id03344_00114_id00103_wavtolip.wav,fake,00114_id00103_wavtolip,C:\Users\Shivaaya\Desktop\PrsimShieldAI\datasets\FakeAVCeleb_v1.2\FakeAVCeleb_v1.2\FakeVideo-FakeAudio\Asian (South)\men\id03344\00114_id00103_wavtolip.mp4,True,Asian (South)_men_id03344_00114,train
Caucasian (American)_women_id00841_00078_2_id00025_wavtolip.wav,fake,00078_2_id00025_wavtolip,C:\Users\Shivaaya\Desktop\PrsimShieldAI\datasets\FakeAVCeleb_v1.2\FakeAVCeleb_v1.2\FakeVideo-FakeAudio\Caucasian (American)\women\id00841\00078_2_id00025_wavtolip.mp4,True,Caucasian (American)_women_id00841_00078,train
Caucasian (American)_men_id04216_00470_id01105_qxMlGJlyfA8_id01172_wavtolip.wav,fake,00470_id01105_qxMlGJlyfA8_id01172_wavtolip,C:\Users\Shivaaya\Desktop\PrsimShieldAI\datasets\FakeAVCeleb_v1.2\FakeAVCeleb_v1.2\FakeVideo-FakeAudio\Caucasian (American)\men\id04216\00470_id01105_qxMlGJlyfA8_id01172_wavtolip.mp4,True,Caucasian (American)_men_id04216_00470,train
Caucasian (American)_men_id00018_00181.wav,real,00181,C:\Users\Shivaaya\Desktop\PrsimShieldAI\datasets\FakeAVCeleb_v1.2\FakeAVCeleb_v1.2\RealVideo-RealAudio\Caucasian (American)\men\id00018\00181.mp4,True,Caucasian (American)_men_id00018_00181,train
Asian (South)_women_id04583_00077.wav,real,00077,C:\Users\Shivaaya\Desktop\PrsimShieldAI\datasets\FakeAVCeleb_v1.2\FakeAVCeleb_v1.2\RealVideo-RealAudio\Asian (South)\women\id04583\00077.mp4,True,Asian (South)_women_id04583_00077,train
Caucasian (European)_women_id00434_00046.wav,real,00046,C:\Users\Shivaaya\Desktop\PrsimShieldAI\datasets\FakeAVCeleb_v1.2\FakeAVCeleb_v1.2\RealVideo-RealAudio\Caucasian (European)\women\id00434\00046.mp4,True,Caucasian (European)_women_id00434_00046,test
Caucasian (European)_women_id00188_00020_id03649_389qfFqUddI_id03620_wavtolip.wav,fake,00020_id03649_389qfFqUddI_id03620_wavtolip,C:\Users\Shivaaya\Desktop\PrsimShieldAI\datasets\FakeAVCeleb_v1.2\FakeAVCeleb_v1.2\FakeVideo-FakeAudio\Caucasian (European)\women\id00188\00020_id03649_389qfFqUddI_id03620_wavtolip.mp4,True,Caucasian (European)_women_id00188_00020,train
Caucasian (American)_men_id00696_00005.wav,real,00005,C:\Users\Shivaaya\Desktop\PrsimShieldAI\datasets\FakeAVCeleb_v1.2\FakeAVCeleb_v1.2\RealVideo-RealAudio\Caucasian (American)\men\id00696\00005.mp4,True,Caucasian (American)_men_id00696_00005,train
Asian (South)_men_id08457_00417_id00103_qpTVaP4y5DQ_faceswap_id08457_wavtolip.wav,fake,00417_id00103_qpTVaP4y5DQ_faceswap_id08457_wavtolip,C:\Users\Shivaaya\Desktop\PrsimShieldAI\datasets\FakeAVCeleb_v1.2\FakeAVCeleb_v1.2\FakeVideo-FakeAudio\Asian (South)\men\id08457\00417_id00103_qpTVaP4y5DQ_faceswap_id08457_wavtolip.mp4,True,Asian (South)_men_id08457_00417,val
Asian (South)_women_id00417_00069_id00739_CT-6UmfLiU0_faceswap_id04564_wavtolip.wav,fake,00069_id00739_CT-6UmfLiU0_faceswap_id04564_wavtolip,C:\Users\Shivaaya\Desktop\PrsimShieldAI\datasets\FakeAVCeleb_v1.2\FakeAVCeleb_v1.2\FakeVideo-FakeAudio\Asian (South)\women\id00417\00069_id00739_CT-6UmfLiU0_faceswap_id04564_wavtolip.mp4,True,Asian (South)_women_id00417_00069,val
Asian (South)_women_id06343_00023.wav,real,00023,C:\Users\Shivaaya\Desktop\PrsimShieldAI\datasets\FakeAVCeleb_v1.2\FakeAVCeleb_v1.2\RealVideo-RealAudio\Asian (South)\women\id06343\00023.mp4,True,Asian (South)_women_id06343_00023,val
Caucasian (European)_men_id00253_00021.wav,real,00021,C:\Users\Shivaaya\Desktop\PrsimShieldAI\datasets\FakeAVCeleb_v1.2\FakeAVCeleb_v1.2\RealVideo-RealAudio\Caucasian (European)\men\id00253\00021.mp4,True,Caucasian (European)_men_id00253_00021,train
Asian (South)_women_id03985_00005.wav,real,00005,C:\Users\Shivaaya\Desktop\PrsimShieldAI\datasets\FakeAVCeleb_v1.2\FakeAVCeleb_v1.2\RealVideo-RealAudio\Asian (South)\women\id03985\00005.mp4,True,Asian (South)_women_id03985_00005,train
African_men_id01179_00160.wav,real,00160,C:\Users\Shivaaya\Desktop\PrsimShieldAI\datasets\FakeAVCeleb_v1.2\FakeAVCeleb_v1.2\RealVideo-RealAudio\African\men\id01179\00160.mp4,True,African_men_id01179_00160,train
African_women_id04939_00174.wav,real,00174,C:\Users\Shivaaya\Desktop\PrsimShieldAI\datasets\FakeAVCeleb_v1.2\FakeAVCeleb_v1.2\RealVideo-RealAudio\African\women\id04939\00174.mp4,True,African_women_id04939_00174,train
Asian (South)_women_id07689_00028_id07377_wavtolip.wav,fake,00028_id07377_wavtolip,C:\Users\Shivaaya\Desktop\PrsimShieldAI\datasets\FakeAVCeleb_v1.2\FakeAVCeleb_v1.2\FakeVideo-FakeAudio\Asian (South)\women\id07689\00028_id07377_wavtolip.mp4,True,Asian (South)_women_id07689_00028,test
Asian (East)_women_id08397_00167_id06462_wavtolip.wav,fake,00167_id06462_wavtolip,C:\Users\Shivaaya\Desktop\PrsimShieldAI\datasets\FakeAVCeleb_v1.2\FakeAVCeleb_v1.2\FakeVideo-FakeAudio\Asian (East)\women\id08397\00167_id06462_wavtolip.mp4,True,Asian (East)_women_id08397_00167,train
Caucasian (American)_women_id00575_00092_id00842__jwlpdZvqus_id00616_wavtolip.wav,fake,00092_id00842__jwlpdZvqus_id00616_wavtolip,C:\Users\Shivaaya\Desktop\PrsimShieldAI\datasets\FakeAVCeleb_v1.2\FakeAVCeleb_v1.2\FakeVideo-FakeAudio\Caucasian (American)\women\id00575\00092_id00842__jwlpdZvqus_id00616_wavtolip.mp4,True,Caucasian (American)_women_id00575_00092,train
Asian (South)_women_id07136_00052.wav,real,00052,C:\Users\Shivaaya\Desktop\PrsimShieldAI\datasets\FakeAVCeleb_v1.2\FakeAVCeleb_v1.2\RealVideo-RealAudio\Asian (South)\women\id07136\00052.mp4,True,Asian (South)_women_id07136_00052,train
Asian (South)_women_id05435_00107.wav,real,00107,C:\Users\Shivaaya\Desktop\PrsimShieldAI\datasets\FakeAVCeleb_v1.2\FakeAVCeleb_v1.2\RealVideo-RealAudio\Asian (South)\women\id05435\00107.mp4,True,Asian (South)_women_id05435_00107,test
African_women_id02824_00130_id05252_wavtolip.wav,fake,00130_id05252_wavtolip,C:\Users\Shivaaya\Desktop\PrsimShieldAI\datasets\FakeAVCeleb_v1.2\FakeAVCeleb_v1.2\FakeVideo-FakeAudio\African\women\id02824\00130_id05252_wavtolip.mp4,True,African_women_id02824_00130,train
Caucasian (European)_men_id01154_00118.wav,real,00118,C:\Users\Shivaaya\Desktop\PrsimShieldAI\datasets\FakeAVCeleb_v1.2\FakeAVCeleb_v1.2\RealVideo-RealAudio\Caucasian (European)\men\id01154\00118.mp4,True,Caucasian (European)_men_id01154_00118,train
Asian (East)_men_id00560_00041.wav,real,00041,C:\Users\Shivaaya\Desktop\PrsimShieldAI\datasets\FakeAVCeleb_v1.2\FakeAVCeleb_v1.2\RealVideo-RealAudio\Asian (East)\men\id00560\00041.mp4,True,Asian (East)_men_id00560_00041,train
Caucasian (American)_women_id00575_00092_id01248_wavtolip.wav,fake,00092_id01248_wavtolip,C:\Users\Shivaaya\Desktop\PrsimShieldAI\datasets\FakeAVCeleb_v1.2\FakeAVCeleb_v1.2\FakeVideo-FakeAudio\Caucasian (American)\women\id00575\00092_id01248_wavtolip.mp4,True,Caucasian (American)_women_id00575_00092,test
Asian (East)_women_id00363_00014.wav,real,00014,C:\Users\Shivaaya\Desktop\PrsimShieldAI\datasets\FakeAVCeleb_v1.2\FakeAVCeleb_v1.2\RealVideo-RealAudio\Asian (East)\women\id00363\00014.mp4,True,Asian (East)_women_id00363_00014,train
Caucasian (European)_women_id01001_00086.wav,real,00086,C:\Users\Shivaaya\Desktop\PrsimShieldAI\datasets\FakeAVCeleb_v1.2\FakeAVCeleb_v1.2\RealVideo-RealAudio\Caucasian (European)\women\id01001\00086.mp4,True,Caucasian (European)_women_id01001_00086,train
Caucasian (European)_men_id00990_00160_id00946_wavtolip.wav,fake,00160_id00946_wavtolip,C:\Users\Shivaaya\Desktop\PrsimShieldAI\datasets\FakeAVCeleb_v1.2\FakeAVCeleb_v1.2\FakeVideo-FakeAudio\Caucasian (European)\men\id00990\00160_id00946_wavtolip.mp4,True,Caucasian (European)_men_id00990_00160,train
Caucasian (American)_men_id00243_00037.wav,real,00037,C:\Users\Shivaaya\Desktop\PrsimShieldAI\datasets\FakeAVCeleb_v1.2\FakeAVCeleb_v1.2\RealVideo-RealAudio\Caucasian (American)\men\id00243\00037.mp4,True,Caucasian (American)_men_id00243_00037,train
African_women_id01907_00148.wav,real,00148,C:\Users\Shivaaya\Desktop\PrsimShieldAI\datasets\FakeAVCeleb_v1.2\FakeAVCeleb_v1.2\RealVideo-RealAudio\African\women\id01907\00148.mp4,True,African_women_id01907_00148,val
Caucasian (European)_men_id00919_00063_id02567_4Ao5jgpSXdw_id00519_wavtolip.wav,fake,00063_id02567_4Ao5jgpSXdw_id00519_wavtolip,C:\Users\Shivaaya\Desktop\PrsimShieldAI\datasets\FakeAVCeleb_v1.2\FakeAVCeleb_v1.2\FakeVideo-FakeAudio\Caucasian (European)\men\id00919\00063_id02567_4Ao5jgpSXdw_id00519_wavtolip.mp4,True,Caucasian (European)_men_id00919_00063,test
Caucasian (European)_men_id00909_00037.wav,real,00037,C:\Users\Shivaaya\Desktop\PrsimShieldAI\datasets\FakeAVCeleb_v1.2\FakeAVCeleb_v1.2\RealVideo-RealAudio\Caucasian (European)\men\id00909\00037.mp4,True,Caucasian (European)_men_id00909_00037,train
Asian (South)_men_id00078_00114.wav,real,00114,C:\Users\Shivaaya\Desktop\PrsimShieldAI\datasets\FakeAVCeleb_v1.2\FakeAVCeleb_v1.2\RealVideo-RealAudio\Asian (South)\men\id00078\00114.mp4,True,Asian (South)_men_id00078_00114,test
Caucasian (European)_men_id00171_00092.wav,real,00092,C:\Users\Shivaaya\Desktop\PrsimShieldAI\datasets\FakeAVCeleb_v1.2\FakeAVCeleb_v1.2\RealVideo-RealAudio\Caucasian (European)\men\id00171\00092.mp4,True,Caucasian (European)_men_id00171_00092,val
Asian (South)_men_id07195_00186_id00685_wavtolip.wav,fake,00186_id00685_wavtolip,C:\Users\Shivaaya\Desktop\PrsimShieldAI\datasets\FakeAVCeleb_v1.2\FakeAVCeleb_v1.2\FakeVideo-FakeAudio\Asian (South)\men\id07195\00186_id00685_wavtolip.mp4,True,Asian (South)_men_id07195_00186,train
Caucasian (American)_women_id01223_00255.wav,real,00255,C:\Users\Shivaaya\Desktop\PrsimShieldAI\datasets\FakeAVCeleb_v1.2\FakeAVCeleb_v1.2\RealVideo-RealAudio\Caucasian (American)\women\id01223\00255.mp4,True,Caucasian (American)_women_id01223_00255,train
Caucasian (American)_men_id01163_00195.wav,real,00195,C:\Users\Shivaaya\Desktop\PrsimShieldAI\datasets\FakeAVCeleb_v1.2\FakeAVCeleb_v1.2\RealVideo-RealAudio\Caucasian (American)\men\id01163\00195.mp4,True,Caucasian (American)_men_id01163_00195,train
Caucasian (European)_men_id00183_00015_0_id01058_wavtolip.wav,fake,00015_0_id01058_wavtolip,C:\Users\Shivaaya\Desktop\PrsimShieldAI\datasets\FakeAVCeleb_v1.2\FakeAVCeleb_v1.2\FakeVideo-FakeAudio\Caucasian (European)\men\id00183\00015_0_id01058_wavtolip.mp4,True,Caucasian (European)_men_id00183_00015,train
Asian (South)_men_id06354_00021_id00732_wavtolip.wav,fake,00021_id00732_wavtolip,C:\Users\Shivaaya\Desktop\PrsimShieldAI\datasets\FakeAVCeleb_v1.2\FakeAVCeleb_v1.2\FakeVideo-FakeAudio\Asian (South)\men\id06354\00021_id00732_wavtolip.mp4,True,Asian (South)_men_id06354_00021,train
Asian (South)_women_id00149_00284_id03559_pgetxl1qbzM_id06752_wavtolip.wav,fake,00284_id03559_pgetxl1qbzM_id06752_wavtolip,C:\Users\Shivaaya\Desktop\PrsimShieldAI\datasets\FakeAVCeleb_v1.2\FakeAVCeleb_v1.2\FakeVideo-FakeAudio\Asian (South)\women\id00149\00284_id03559_pgetxl1qbzM_id06752_wavtolip.mp4,True,Asian (South)_women_id00149_00284,train
Caucasian (European)_women_id00068_00004.wav,real,00004,C:\Users\Shivaaya\Desktop\PrsimShieldAI\datasets\FakeAVCeleb_v1.2\FakeAVCeleb_v1.2\RealVideo-RealAudio\Caucasian (European)\women\id00068\00004.mp4,True,Caucasian (European)_women_id00068_00004,val
Asian (South)_women_id05845_00027_id04583_M10zZFjuAb0_id03897_wavtolip.wav,fake,00027_id04583_M10zZFjuAb0_id03897_wavtolip,C:\Users\Shivaaya\Desktop\PrsimShieldAI\datasets\FakeAVCeleb_v1.2\FakeAVCeleb_v1.2\FakeVideo-FakeAudio\Asian (South)\women\id05845\00027_id04583_M10zZFjuAb0_id03897_wavtolip.mp4,True,Asian (South)_women_id05845_00027,train
African_men_id01236_00005_id00987_wavtolip.wav,fake,00005_id00987_wavtolip,C:\Users\Shivaaya\Desktop\PrsimShieldAI\datasets\FakeAVCeleb_v1.2\FakeAVCeleb_v1.2\FakeVideo-FakeAudio\African\men\id01236\00005_id00987_wavtolip.mp4,True,African_men_id01236_00005,train
Asian (South)_women_id00043_00135.wav,real,00135,C:\Users\Shivaaya\Desktop\PrsimShieldAI\datasets\FakeAVCeleb_v1.2\FakeAVCeleb_v1.2\RealVideo-RealAudio\Asian (South)\women\id00043\00135.mp4,True,Asian (South)_women_id00043_00135,train
Asian (South)_men_id03945_00063.wav,real,00063,C:\Users\Shivaaya\Desktop\PrsimShieldAI\datasets\FakeAVCeleb_v1.2\FakeAVCeleb_v1.2\RealVideo-RealAudio\Asian (South)\men\id03945\00063.mp4,True,Asian (South)_men_id03945_00063,train
African_women_id00371_00099.wav,real,00099,C:\Users\Shivaaya\Desktop\PrsimShieldAI\datasets\FakeAVCeleb_v1.2\FakeAVCeleb_v1.2\RealVideo-RealAudio\African\women\id00371\00099.mp4,True,African_women_id00371_00099,train
African_men_id01598_00109_1_id02051_wavtolip.wav,fake,00109_1_id02051_wavtolip,C:\Users\Shivaaya\Desktop\PrsimShieldAI\datasets\FakeAVCeleb_v1.2\FakeAVCeleb_v1.2\FakeVideo-FakeAudio\African\men\id01598\00109_1_id02051_wavtolip.mp4,True,African_men_id01598_00109,train
Caucasian (European)_men_id01102_00197_id00266_utVnnggS30E_id01051_wavtolip.wav,fake,00197_id00266_utVnnggS30E_id01051_wavtolip,C:\Users\Shivaaya\Desktop\PrsimShieldAI\datasets\FakeAVCeleb_v1.2\FakeAVCeleb_v1.2\FakeVideo-FakeAudio\Caucasian (European)\men\id01102\00197_id00266_utVnnggS30E_id01051_wavtolip.mp4,True,Caucasian (European)_men_id01102_00197,train
Caucasian (European)_men_id00305_00113_0_1_id00415_wavtolip.wav,fake,00113_0_1_id00415_wavtolip,C:\Users\Shivaaya\Desktop\PrsimShieldAI\datasets\FakeAVCeleb_v1.2\FakeAVCeleb_v1.2\FakeVideo-FakeAudio\Caucasian (European)\men\id00305\00113_0_1_id00415_wavtolip.mp4,True,Caucasian (European)_men_id00305_00113,train
Caucasian (European)_men_id00185_00015_id01123_wavtolip.wav,fake,00015_id01123_wavtolip,C:\Users\Shivaaya\Desktop\PrsimShieldAI\datasets\FakeAVCeleb_v1.2\FakeAVCeleb_v1.2\FakeVideo-FakeAudio\Caucasian (European)\men\id00185\00015_id01123_wavtolip.mp4,True,Caucasian (European)_men_id00185_00015,val
Asian (East)_women_id08402_00092.wav,real,00092,C:\Users\Shivaaya\Desktop\PrsimShieldAI\datasets\FakeAVCeleb_v1.2\FakeAVCeleb_v1.2\RealVideo-RealAudio\Asian (East)\women\id08402\00092.mp4,True,Asian (East)_women_id08402_00092,train
Asian (East)_women_id06462_00014.wav,real,00014,C:\Users\Shivaaya\Desktop\PrsimShieldAI\datasets\FakeAVCeleb_v1.2\FakeAVCeleb_v1.2\RealVideo-RealAudio\Asian (East)\women\id06462\00014.mp4,True,Asian (East)_women_id06462_00014,train
Caucasian (American)_women_id01075_00160_id03781_wavtolip.wav,fake,00160_id03781_wavtolip,C:\Users\Shivaaya\Desktop\PrsimShieldAI\datasets\FakeAVCeleb_v1.2\FakeAVCeleb_v1.2\FakeVideo-FakeAudio\Caucasian (American)\women\id01075\00160_id03781_wavtolip.mp4,True,Caucasian (American)_women_id01075_00160,train
Asian (East)_women_id03211_00032_id02587_KzwJPH5_8j0_id06054_wavtolip.wav,fake,00032_id02587_KzwJPH5_8j0_id06054_wavtolip,C:\Users\Shivaaya\Desktop\PrsimShieldAI\datasets\FakeAVCeleb_v1.2\FakeAVCeleb_v1.2\FakeVideo-FakeAudio\Asian (East)\women\id03211\00032_id02587_KzwJPH5_8j0_id06054_wavtolip.mp4,True,Asian (East)_women_id03211_00032,train
Caucasian (American)_men_id04073_00021_3_id00775_wavtolip.wav,fake,00021_3_id00775_wavtolip,C:\Users\Shivaaya\Desktop\PrsimShieldAI\datasets\FakeAVCeleb_v1.2\FakeAVCeleb_v1.2\FakeVideo-FakeAudio\Caucasian (American)\men\id04073\00021_3_id00775_wavtolip.mp4,True,Caucasian (American)_men_id04073_00021,train
Asian (East)_men_id04726_00245.wav,real,00245,C:\Users\Shivaaya\Desktop\PrsimShieldAI\datasets\FakeAVCeleb_v1.2\FakeAVCeleb_v1.2\RealVideo-RealAudio\Asian (East)\men\id04726\00245.mp4,True,Asian (East)_men_id04726_00245,train
Caucasian (European)_men_id00981_00092.wav,real,00092,C:\Users\Shivaaya\Desktop\PrsimShieldAI\datasets\FakeAVCeleb_v1.2\FakeAVCeleb_v1.2\RealVideo-RealAudio\Caucasian (European)\men\id00981\00092.mp4,True,Caucasian (European)_men_id00981_00092,train
Caucasian (American)_women_id00752_00340.wav,real,00340,C:\Users\Shivaaya\Desktop\PrsimShieldAI\datasets\FakeAVCeleb_v1.2\FakeAVCeleb_v1.2\RealVideo-RealAudio\Caucasian (American)\women\id00752\00340.mp4,True,Caucasian (American)_women_id00752_00340,train
Caucasian (European)_women_id00271_00028.wav,real,00028,C:\Users\Shivaaya\Desktop\PrsimShieldAI\datasets\FakeAVCeleb_v1.2\FakeAVCeleb_v1.2\RealVideo-RealAudio\Caucasian (European)\women\id00271\00028.mp4,True,Caucasian (European)_women_id00271_00028,train
Asian (East)_women_id06158_00015_id04057_wavtolip.wav,fake,00015_id04057_wavtolip,C:\Users\Shivaaya\Desktop\PrsimShieldAI\datasets\FakeAVCeleb_v1.2\FakeAVCeleb_v1.2\FakeVideo-FakeAudio\Asian (East)\women\id06158\00015_id04057_wavtolip.mp4,True,Asian (East)_women_id06158_00015,train
Asian (East)_men_id09143_00056_id08652_wavtolip.wav,fake,00056_id08652_wavtolip,C:\Users\Shivaaya\Desktop\PrsimShieldAI\datasets\FakeAVCeleb_v1.2\FakeAVCeleb_v1.2\FakeVideo-FakeAudio\Asian (East)\men\id09143\00056_id08652_wavtolip.mp4,True,Asian (East)_men_id09143_00056,test
Asian (East)_women_id06427_00138.wav,real,00138,C:\Users\Shivaaya\Desktop\PrsimShieldAI\datasets\FakeAVCeleb_v1.2\FakeAVCeleb_v1.2\RealVideo-RealAudio\Asian (East)\women\id06427\00138.mp4,True,Asian (East)_women_id06427_00138,train
Asian (East)_women_id06065_00160.wav,real,00160,C:\Users\Shivaaya\Desktop\PrsimShieldAI\datasets\FakeAVCeleb_v1.2\FakeAVCeleb_v1.2\RealVideo-RealAudio\Asian (East)\women\id06065\00160.mp4,True,Asian (East)_women_id06065_00160,train
Asian (South)_men_id03344_00114_id04562_wavtolip.wav,fake,00114_id04562_wavtolip,C:\Users\Shivaaya\Desktop\PrsimShieldAI\datasets\FakeAVCeleb_v1.2\FakeAVCeleb_v1.2\FakeVideo-FakeAudio\Asian (South)\men\id03344\00114_id04562_wavtolip.mp4,True,Asian (South)_men_id03344_00114,train
Asian (South)_men_id00032_00028_id00860_wavtolip.wav,fake,00028_id00860_wavtolip,C:\Users\Shivaaya\Desktop\PrsimShieldAI\datasets\FakeAVCeleb_v1.2\FakeAVCeleb_v1.2\FakeVideo-FakeAudio\Asian (South)\men\id00032\00028_id00860_wavtolip.mp4,True,Asian (South)_men_id00032_00028,train
African_women_id01178_00028.wav,real,00028,C:\Users\Shivaaya\Desktop\PrsimShieldAI\datasets\FakeAVCeleb_v1.2\FakeAVCeleb_v1.2\RealVideo-RealAudio\African\women\id01178\00028.mp4,True,African_women_id01178_00028,train
Asian (East)_women_id08819_00052.wav,real,00052,C:\Users\Shivaaya\Desktop\PrsimShieldAI\datasets\FakeAVCeleb_v1.2\FakeAVCeleb_v1.2\RealVideo-RealAudio\Asian (East)\women\id08819\00052.mp4,True,Asian (East)_women_id08819_00052,train
Caucasian (American)_men_id01042_00154_id00087_0ZbOp9FgZf8_faceswap_id01210_wavtolip.wav,fake,00154_id00087_0ZbOp9FgZf8_faceswap_id01210_wavtolip,C:\Users\Shivaaya\Desktop\PrsimShieldAI\datasets\FakeAVCeleb_v1.2\FakeAVCeleb_v1.2\FakeVideo-FakeAudio\Caucasian (American)\men\id01042\00154_id00087_0ZbOp9FgZf8_faceswap_id01210_wavtolip.mp4,True,Caucasian (American)_men_id01042_00154,train
Asian (South)_women_id05931_00013_id01026_rM4ZERt7oM0_faceswap_id05931_wavtolip.wav,fake,00013_id01026_rM4ZERt7oM0_faceswap_id05931_wavtolip,C:\Users\Shivaaya\Desktop\PrsimShieldAI\datasets\FakeAVCeleb_v1.2\FakeAVCeleb_v1.2\FakeVideo-FakeAudio\Asian (South)\women\id05931\00013_id01026_rM4ZERt7oM0_faceswap_id05931_wavtolip.mp4,True,Asian (South)_women_id05931_00013,train
African_women_id04705_00408_id05252_CMxIX3absYM_faceswap_id02948_wavtolip.wav,fake,00408_id05252_CMxIX3absYM_faceswap_id02948_wavtolip,C:\Users\Shivaaya\Desktop\PrsimShieldAI\datasets\FakeAVCeleb_v1.2\FakeAVCeleb_v1.2\FakeVideo-FakeAudio\African\women\id04705\00408_id05252_CMxIX3absYM_faceswap_id02948_wavtolip.mp4,True,African_women_id04705_00408,train
Asian (South)_women_id06428_00043_id06428_wavtolip.wav,fake,00043_id06428_wavtolip,C:\Users\Shivaaya\Desktop\PrsimShieldAI\datasets\FakeAVCeleb_v1.2\FakeAVCeleb_v1.2\FakeVideo-FakeAudio\Asian (South)\women\id06428\00043_id06428_wavtolip.mp4,True,Asian (South)_women_id06428_00043,train
Caucasian (American)_men_id04073_00021_id00529_xtx2GeQN-DQ_id01210_wavtolip.wav,fake,00021_id00529_xtx2GeQN-DQ_id01210_wavtolip,C:\Users\Shivaaya\Desktop\PrsimShieldAI\datasets\FakeAVCeleb_v1.2\FakeAVCeleb_v1.2\FakeVideo-FakeAudio\Caucasian (American)\men\id04073\00021_id00529_xtx2GeQN-DQ_id01210_wavtolip.mp4,True,Caucasian (American)_men_id04073_00021,test
Caucasian (American)_men_id03678_00078_id00264_wavtolip.wav,fake,00078_id00264_wavtolip,C:\Users\Shivaaya\Desktop\PrsimShieldAI\datasets\FakeAVCeleb_v1.2\FakeAVCeleb_v1.2\FakeVideo-FakeAudio\Caucasian (American)\men\id03678\00078_id00264_wavtolip.mp4,True,Caucasian (American)_men_id03678_00078,train
Caucasian (American)_women_id00680_00110_id01223_TO3ym8Gwp7k_id00145_wavtolip.wav,fake,00110_id01223_TO3ym8Gwp7k_id00145_wavtolip,C:\Users\Shivaaya\Desktop\PrsimShieldAI\datasets\FakeAVCeleb_v1.2\FakeAVCeleb_v1.2\FakeVideo-FakeAudio\Caucasian (American)\women\id00680\00110_id01223_TO3ym8Gwp7k_id00145_wavtolip.mp4,True,Caucasian (American)_women_id00680_00110,test
Caucasian (American)_men_id00264_00257.wav,real,00257,C:\Users\Shivaaya\Desktop\PrsimShieldAI\datasets\FakeAVCeleb_v1.2\FakeAVCeleb_v1.2\RealVideo-RealAudio\Caucasian (American)\men\id00264\00257.mp4,True,Caucasian (American)_men_id00264_00257,train
African_men_id02342_00191_id04727_AAnyugIAXao_id02342_wavtolip.wav,fake,00191_id04727_AAnyugIAXao_id02342_wavtolip,C:\Users\Shivaaya\Desktop\PrsimShieldAI\datasets\FakeAVCeleb_v1.2\FakeAVCeleb_v1.2\FakeVideo-FakeAudio\African\men\id02342\00191_id04727_AAnyugIAXao_id02342_wavtolip.mp4,True,African_men_id02342_00191,val
Caucasian (European)_men_id00999_00028.wav,real,00028,C:\Users\Shivaaya\Desktop\PrsimShieldAI\datasets\FakeAVCeleb_v1.2\FakeAVCeleb_v1.2\RealVideo-RealAudio\Caucasian (European)\men\id00999\00028.mp4,True,Caucasian (European)_men_id00999_00028,train
Caucasian (American)_men_id01044_00336_id03525_5qVmWkkCk3k_id00243_wavtolip.wav,fake,00336_id03525_5qVmWkkCk3k_id00243_wavtolip,C:\Users\Shivaaya\Desktop\PrsimShieldAI\datasets\FakeAVCeleb_v1.2\FakeAVCeleb_v1.2\FakeVideo-FakeAudio\Caucasian (American)\men\id01044\00336_id03525_5qVmWkkCk3k_id00243_wavtolip.mp4,True,Caucasian (American)_men_id01044_00336,val
Caucasian (American)_women_id00385_00439.wav,real,00439,C:\Users\Shivaaya\Desktop\PrsimShieldAI\datasets\FakeAVCeleb_v1.2\FakeAVCeleb_v1.2\RealVideo-RealAudio\Caucasian (American)\women\id00385\00439.mp4,True,Caucasian (American)_women_id00385_00439,train
Caucasian (European)_women_id03844_00028.wav,real,00028,C:\Users\Shivaaya\Desktop\PrsimShieldAI\datasets\FakeAVCeleb_v1.2\FakeAVCeleb_v1.2\RealVideo-RealAudio\Caucasian (European)\women\id03844\00028.mp4,True,Caucasian (European)_women_id03844_00028,train
Caucasian (American)_women_id00097_00162_id00097_wavtolip.wav,fake,00162_id00097_wavtolip,C:\Users\Shivaaya\Desktop\PrsimShieldAI\datasets\FakeAVCeleb_v1.2\FakeAVCeleb_v1.2\FakeVideo-FakeAudio\Caucasian (American)\women\id00097\00162_id00097_wavtolip.mp4,True,Caucasian (American)_women_id00097_00162,train
African_men_id02296_00019.wav,real,00019,C:\Users\Shivaaya\Desktop\PrsimShieldAI\datasets\FakeAVCeleb_v1.2\FakeAVCeleb_v1.2\RealVideo-RealAudio\African\men\id02296\00019.mp4,True,African_men_id02296_00019,train
Caucasian (American)_men_id01168_00028_id03757_L-M-XbdFLQM_faceswap_id00243_wavtolip.wav,fake,00028_id03757_L-M-XbdFLQM_faceswap_id00243_wavtolip,C:\Users\Shivaaya\Desktop\PrsimShieldAI\datasets\FakeAVCeleb_v1.2\FakeAVCeleb_v1.2\FakeVideo-FakeAudio\Caucasian (American)\men\id01168\00028_id03757_L-M-XbdFLQM_faceswap_id00243_wavtolip.mp4,True,Caucasian (American)_men_id01168_00028,test
African_men_id00701_00092_id01179_wavtolip.wav,fake,00092_id01179_wavtolip,C:\Users\Shivaaya\Desktop\PrsimShieldAI\datasets\FakeAVCeleb_v1.2\FakeAVCeleb_v1.2\FakeVideo-FakeAudio\African\men\id00701\00092_id01179_wavtolip.mp4,True,African_men_id00701_00092,test
Caucasian (American)_men_id04219_00130_id04034_8ZeJXbjFa_o_id01124_wavtolip.wav,fake,00130_id04034_8ZeJXbjFa_o_id01124_wavtolip,C:\Users\Shivaaya\Desktop\PrsimShieldAI\datasets\FakeAVCeleb_v1.2\FakeAVCeleb_v1.2\FakeVideo-FakeAudio\Caucasian (American)\men\id04219\00130_id04034_8ZeJXbjFa_o_id01124_wavtolip.mp4,True,Caucasian (American)_men_id04219_00130,train
Caucasian (American)_women_id00291_00052_id01005_wavtolip.wav,fake,00052_id01005_wavtolip,C:\Users\Shivaaya\Desktop\PrsimShieldAI\datasets\FakeAVCeleb_v1.2\FakeAVCeleb_v1.2\FakeVideo-FakeAudio\Caucasian (American)\women\id00291\00052_id01005_wavtolip.mp4,True,Caucasian (American)_women_id00291_00052,test
Caucasian (European)_men_id00963_00028.wav,real,00028,C:\Users\Shivaaya\Desktop\PrsimShieldAI\datasets\FakeAVCeleb_v1.2\FakeAVCeleb_v1.2\RealVideo-RealAudio\Caucasian (European)\men\id00963\00028.mp4,True,Caucasian (European)_men_id00963_00028,test
Caucasian (American)_women_id01217_00005.wav,real,00005,C:\Users\Shivaaya\Desktop\PrsimShieldAI\datasets\FakeAVCeleb_v1.2\FakeAVCeleb_v1.2\RealVideo-RealAudio\Caucasian (American)\women\id01217\00005.mp4,True,Caucasian (American)_women_id01217_00005,train
Asian (South)_women_id03559_00023_id04070_wavtolip.wav,fake,00023_id04070_wavtolip,C:\Users\Shivaaya\Desktop\PrsimShieldAI\datasets\FakeAVCeleb_v1.2\FakeAVCeleb_v1.2\FakeVideo-FakeAudio\Asian (South)\women\id03559\00023_id04070_wavtolip.mp4,True,Asian (South)_women_id03559_00023,train
Caucasian (American)_women_id00383_00171_id01004_867Wlj7Gw68_id00100_wavtolip.wav,fake,00171_id01004_867Wlj7Gw68_id00100_wavtolip,C:\Users\Shivaaya\Desktop\PrsimShieldAI\datasets\FakeAVCeleb_v1.2\FakeAVCeleb_v1.2\FakeVideo-FakeAudio\Caucasian (American)\women\id00383\00171_id01004_867Wlj7Gw68_id00100_wavtolip.mp4,True,Caucasian (American)_women_id00383_00171,val
Caucasian (European)_men_id00694_00340.wav,real,00340,C:\Users\Shivaaya\Desktop\PrsimShieldAI\datasets\FakeAVCeleb_v1.2\FakeAVCeleb_v1.2\RealVideo-RealAudio\Caucasian (European)\men\id00694\00340.mp4,True,Caucasian (European)_men_id00694_00340,train
Asian (South)_women_id02089_00092.wav,real,00092,C:\Users\Shivaaya\Desktop\PrsimShieldAI\datasets\FakeAVCeleb_v1.2\FakeAVCeleb_v1.2\RealVideo-RealAudio\Asian (South)\women\id02089\00092.mp4,True,Asian (South)_women_id02089_00092,train
Asian (East)_men_id01589_00017_id08652_wavtolip.wav,fake,00017_id08652_wavtolip,C:\Users\Shivaaya\Desktop\PrsimShieldAI\datasets\FakeAVCeleb_v1.2\FakeAVCeleb_v1.2\FakeVideo-FakeAudio\Asian (East)\men\id01589\00017_id08652_wavtolip.mp4,True,Asian (East)_men_id01589_00017,test
Asian (South)_men_id07210_00005.wav,real,00005,C:\Users\Shivaaya\Desktop\PrsimShieldAI\datasets\FakeAVCeleb_v1.2\FakeAVCeleb_v1.2\RealVideo-RealAudio\Asian (South)\men\id07210\00005.mp4,True,Asian (South)_men_id07210_00005,test
Caucasian (European)_men_id00709_00206_id03205_gXytNIcANKw_id00241_wavtolip.wav,fake,00206_id03205_gXytNIcANKw_id00241_wavtolip,C:\Users\Shivaaya\Desktop\PrsimShieldAI\datasets\FakeAVCeleb_v1.2\FakeAVCeleb_v1.2\FakeVideo-FakeAudio\Caucasian (European)\men\id00709\00206_id03205_gXytNIcANKw_id00241_wavtolip.mp4,True,Caucasian (European)_men_id00709_00206,test
African_men_id00944_00135.wav,real,00135,C:\Users\Shivaaya\Desktop\PrsimShieldAI\datasets\FakeAVCeleb_v1.2\FakeAVCeleb_v1.2\RealVideo-RealAudio\African\men\id00944\00135.mp4,True,African_men_id00944_00135,val
African_women_id00707_00052.wav,real,00052,C:\Users\Shivaaya\Desktop\PrsimShieldAI\datasets\FakeAVCeleb_v1.2\FakeAVCeleb_v1.2\RealVideo-RealAudio\African\women\id00707\00052.mp4,True,African_women_id00707_00052,train
African_men_id02316_00094.wav,real,00094,C:\Users\Shivaaya\Desktop\PrsimShieldAI\datasets\FakeAVCeleb_v1.2\FakeAVCeleb_v1.2\RealVideo-RealAudio\African\men\id02316\00094.mp4,True,African_men_id02316_00094,train
Asian (South)_women_id04070_00072_id06752_PYYIloTJiH0_id07049_wavtolip.wav,fake,00072_id06752_PYYIloTJiH0_id07049_wavtolip,C:\Users\Shivaaya\Desktop\PrsimShieldAI\datasets\FakeAVCeleb_v1.2\FakeAVCeleb_v1.2\FakeVideo-FakeAudio\Asian (South)\women\id04070\00072_id06752_PYYIloTJiH0_id07049_wavtolip.mp4,True,Asian (South)_women_id04070_00072,test
Caucasian (American)_women_id00231_00037.wav,real,00037,C:\Users\Shivaaya\Desktop\PrsimShieldAI\datasets\FakeAVCeleb_v1.2\FakeAVCeleb_v1.2\RealVideo-RealAudio\Caucasian (American)\women\id00231\00037.mp4,True,Caucasian (American)_women_id00231_00037,val
Caucasian (European)_women_id00589_00130.wav,real,00130,C:\Users\Shivaaya\Desktop\PrsimShieldAI\datasets\FakeAVCeleb_v1.2\FakeAVCeleb_v1.2\RealVideo-RealAudio\Caucasian (European)\women\id00589\00130.mp4,True,Caucasian (European)_women_id00589_00130,test
African_men_id01856_00006_id00518_wavtolip.wav,fake,00006_id00518_wavtolip,C:\Users\Shivaaya\Desktop\PrsimShieldAI\datasets\FakeAVCeleb_v1.2\FakeAVCeleb_v1.2\FakeVideo-FakeAudio\African\men\id01856\00006_id00518_wavtolip.mp4,True,African_men_id01856_00006,test
African_women_id04055_00001_id02586_dEYzYDsbAeo_id00577_wavtolip.wav,fake,00001_id02586_dEYzYDsbAeo_id00577_wavtolip,C:\Users\Shivaaya\Desktop\PrsimShieldAI\datasets\FakeAVCeleb_v1.2\FakeAVCeleb_v1.2\FakeVideo-FakeAudio\African\women\id04055\00001_id02586_dEYzYDsbAeo_id00577_wavtolip.mp4,True,African_women_id04055_00001,val
Asian (South)_women_id04530_00231_id05435_OvX-Jv_whcU_faceswap_id05845_wavtolip.wav,fake,00231_id05435_OvX-Jv_whcU_faceswap_id05845_wavtolip,C:\Users\Shivaaya\Desktop\PrsimShieldAI\datasets\FakeAVCeleb_v1.2\FakeAVCeleb_v1.2\FakeVideo-FakeAudio\Asian (South)\women\id04530\00231_id05435_OvX-Jv_whcU_faceswap_id05845_wavtolip.mp4,True,Asian (South)_women_id04530_00231,train
Asian (East)_men_id06152_06152_id05268_wavtolip.wav,fake,06152_id05268_wavtolip,C:\Users\Shivaaya\Desktop\PrsimShieldAI\datasets\FakeAVCeleb_v1.2\FakeAVCeleb_v1.2\FakeVideo-FakeAudio\Asian (East)\men\id06152\06152_id05268_wavtolip.mp4,True,Asian (East)_men_id06152_06152,train
Asian (East)_men_id07338_00003.wav,real,00003,C:\Users\Shivaaya\Desktop\PrsimShieldAI\datasets\FakeAVCeleb_v1.2\FakeAVCeleb_v1.2\RealVideo-RealAudio\Asian (East)\men\id07338\00003.mp4,True,Asian (East)_men_id07338_00003,train
Caucasian (American)_women_id00145_00043_id00458_wavtolip.wav,fake,00043_id00458_wavtolip,C:\Users\Shivaaya\Desktop\PrsimShieldAI\datasets\FakeAVCeleb_v1.2\FakeAVCeleb_v1.2\FakeVideo-FakeAudio\Caucasian (American)\women\id00145\00043_id00458_wavtolip.mp4,True,Caucasian (American)_women_id00145_00043,val
Caucasian (European)_men_id00709_00206_id00999_SjnM4XFBz0M_id00520_wavtolip.wav,fake,00206_id00999_SjnM4XFBz0M_id00520_wavtolip,C:\Users\Shivaaya\Desktop\PrsimShieldAI\datasets\FakeAVCeleb_v1.2\FakeAVCeleb_v1.2\FakeVideo-FakeAudio\Caucasian (European)\men\id00709\00206_id00999_SjnM4XFBz0M_id00520_wavtolip.mp4,True,Caucasian (European)_men_id00709_00206,val
African_men_id01597_00005_3_id02268_wavtolip.wav,fake,00005_3_id02268_wavtolip,C:\Users\Shivaaya\Desktop\PrsimShieldAI\datasets\FakeAVCeleb_v1.2\FakeAVCeleb_v1.2\FakeVideo-FakeAudio\African\men\id01597\00005_3_id02268_wavtolip.mp4,True,African_men_id01597_00005,train
African_women_id01838_00126_id05235_ASy8lP3SRtw_faceswap_id02071_wavtolip.wav,fake,00126_id05235_ASy8lP3SRtw_faceswap_id02071_wavtolip,C:\Users\Shivaaya\Desktop\PrsimShieldAI\datasets\FakeAVCeleb_v1.2\FakeAVCeleb_v1.2\FakeVideo-FakeAudio\African\women\id01838\00126_id05235_ASy8lP3SRtw_faceswap_id02071_wavtolip.mp4,True,African_women_id01838_00126,test
Asian (East)_men_id08652_00006_id02561_wavtolip.wav,fake,00006_id02561_wavtolip,C:\Users\Shivaaya\Desktop\PrsimShieldAI\datasets\FakeAVCeleb_v1.2\FakeAVCeleb_v1.2\FakeVideo-FakeAudio\Asian (East)\men\id08652\00006_id02561_wavtolip.mp4,True,Asian (East)_men_id08652_00006,train
African_men_id00076_00109_id00173_UHoMXLSjlDo_id00475_wavtolip.wav,fake,00109_id00173_UHoMXLSjlDo_id00475_wavtolip,C:\Users\Shivaaya\Desktop\PrsimShieldAI\datasets\FakeAVCeleb_v1.2\FakeAVCeleb_v1.2\FakeVideo-FakeAudio\African\men\id00076\00109_id00173_UHoMXLSjlDo_id00475_wavtolip.mp4,True,African_men_id00076_00109,train
Asian (East)_men_id00863_00069_id05332_wavtolip.wav,fake,00069_id05332_wavtolip,C:\Users\Shivaaya\Desktop\PrsimShieldAI\datasets\FakeAVCeleb_v1.2\FakeAVCeleb_v1.2\FakeVideo-FakeAudio\Asian (East)\men\id00863\00069_id05332_wavtolip.mp4,True,Asian (East)_men_id00863_00069,test
Caucasian (European)_women_id00270_00088.wav,real,00088,C:\Users\Shivaaya\Desktop\PrsimShieldAI\datasets\FakeAVCeleb_v1.2\FakeAVCeleb_v1.2\RealVideo-RealAudio\Caucasian (European)\women\id00270\00088.mp4,True,Caucasian (European)_women_id00270_00088,train
Caucasian (American)_women_id01248_00005_id00261_wavtolip.wav,fake,00005_id00261_wavtolip,C:\Users\Shivaaya\Desktop\PrsimShieldAI\datasets\FakeAVCeleb_v1.2\FakeAVCeleb_v1.2\FakeVideo-FakeAudio\Caucasian (American)\women\id01248\00005_id00261_wavtolip.mp4,True,Caucasian (American)_women_id01248_00005,val
Asian (South)_men_id04561_00248.wav,real,00248,C:\Users\Shivaaya\Desktop\PrsimShieldAI\datasets\FakeAVCeleb_v1.2\FakeAVCeleb_v1.2\RealVideo-RealAudio\Asian (South)\men\id04561\00248.mp4,True,Asian (South)_men_id04561_00248,train
Asian (East)_women_id08397_00167_id05620_wavtolip.wav,fake,00167_id05620_wavtolip,C:\Users\Shivaaya\Desktop\PrsimShieldAI\datasets\FakeAVCeleb_v1.2\FakeAVCeleb_v1.2\FakeVideo-FakeAudio\Asian (East)\women\id08397\00167_id05620_wavtolip.mp4,True,Asian (East)_women_id08397_00167,train
Asian (South)_women_id03897_00021_id04583_M10zZFjuAb0_id06438_wavtolip.wav,fake,00021_id04583_M10zZFjuAb0_id06438_wavtolip,C:\Users\Shivaaya\Desktop\PrsimShieldAI\datasets\FakeAVCeleb_v1.2\FakeAVCeleb_v1.2\FakeVideo-FakeAudio\Asian (South)\women\id03897\00021_id04583_M10zZFjuAb0_id06438_wavtolip.mp4,True,Asian (South)_women_id03897_00021,test
African_men_id01972_00078_id01779_HgyHpDEo_jk_id01856_wavtolip.wav,fake,00078_id01779_HgyHpDEo_jk_id01856_wavtolip,C:\Users\Shivaaya\Desktop\PrsimShieldAI\datasets\FakeAVCeleb_v1.2\FakeAVCeleb_v1.2\FakeVideo-FakeAudio\African\men\id01972\00078_id01779_HgyHpDEo_jk_id01856_wavtolip.mp4,True,African_men_id01972_00078,train
Asian (East)_women_id00566_00032.wav,real,00032,C:\Users\Shivaaya\Desktop\PrsimShieldAI\datasets\FakeAVCeleb_v1.2\FakeAVCeleb_v1.2\RealVideo-RealAudio\Asian (East)\women\id00566\00032.mp4,True,Asian (East)_women_id00566_00032,train
African_women_id03713_00249.wav,real,00249,C:\Users\Shivaaya\Desktop\PrsimShieldAI\datasets\FakeAVCeleb_v1.2\FakeAVCeleb_v1.2\RealVideo-RealAudio\African\women\id03713\00249.mp4,True,African_women_id03713_00249,train
Caucasian (American)_men_id01035_00012_id00021_6uNNej-JZ-c_id00169_wavtolip.wav,fake,00012_id00021_6uNNej-JZ-c_id00169_wavtolip,C:\Users\Shivaaya\Desktop\PrsimShieldAI\datasets\FakeAVCeleb_v1.2\FakeAVCeleb_v1.2\FakeVideo-FakeAudio\Caucasian (American)\men\id01035\00012_id00021_6uNNej-JZ-c_id00169_wavtolip.mp4,True,Caucasian (American)_men_id01035_00012,train
Asian (East)_women_id00430_00209.wav,real,00209,C:\Users\Shivaaya\Desktop\PrsimShieldAI\datasets\FakeAVCeleb_v1.2\FakeAVCeleb_v1.2\RealVideo-RealAudio\Asian (East)\women\id00430\00209.mp4,True,Asian (East)_women_id00430_00209,train
Caucasian (European)_men_id00548_00015.wav,real,00015,C:\Users\Shivaaya\Desktop\PrsimShieldAI\datasets\FakeAVCeleb_v1.2\FakeAVCeleb_v1.2\RealVideo-RealAudio\Caucasian (European)\men\id00548\00015.mp4,True,Caucasian (European)_men_id00548_00015,val
Asian (South)_men_id07194_00014.wav,real,00014,C:\Users\Shivaaya\Desktop\PrsimShieldAI\datasets\FakeAVCeleb_v1.2\FakeAVCeleb_v1.2\RealVideo-RealAudio\Asian (South)\men\id07194\00014.mp4,True,Asian (South)_men_id07194_00014,val
Caucasian (European)_men_id00368_00078_id00559_wavtolip.wav,fake,00078_id00559_wavtolip,C:\Users\Shivaaya\Desktop\PrsimShieldAI\datasets\FakeAVCeleb_v1.2\FakeAVCeleb_v1.2\FakeVideo-FakeAudio\Caucasian (European)\men\id00368\00078_id00559_wavtolip.mp4,True,Caucasian (European)_men_id00368_00078,train
Caucasian (European)_women_id00365_00078_id03858_uKVqPfRf-ac_id00569_wavtolip.wav,fake,00078_id03858_uKVqPfRf-ac_id00569_wavtolip,C:\Users\Shivaaya\Desktop\PrsimShieldAI\datasets\FakeAVCeleb_v1.2\FakeAVCeleb_v1.2\FakeVideo-FakeAudio\Caucasian (European)\women\id00365\00078_id03858_uKVqPfRf-ac_id00569_wavtolip.mp4,True,Caucasian (European)_women_id00365_00078,train
African_women_id00359_00053_id02071_cHuDh9F87vA_id02948_wavtolip.wav,fake,00053_id02071_cHuDh9F87vA_id02948_wavtolip,C:\Users\Shivaaya\Desktop\PrsimShieldAI\datasets\FakeAVCeleb_v1.2\FakeAVCeleb_v1.2\FakeVideo-FakeAudio\African\women\id00359\00053_id02071_cHuDh9F87vA_id02948_wavtolip.mp4,True,African_women_id00359_00053,train
Asian (South)_men_id06354_00021_id07108_qwfQPcvjGRY_id07233_wavtolip.wav,fake,00021_id07108_qwfQPcvjGRY_id07233_wavtolip,C:\Users\Shivaaya\Desktop\PrsimShieldAI\datasets\FakeAVCeleb_v1.2\FakeAVCeleb_v1.2\FakeVideo-FakeAudio\Asian (South)\men\id06354\00021_id07108_qwfQPcvjGRY_id07233_wavtolip.mp4,True,Asian (South)_men_id06354_00021,train
Caucasian (American)_men_id00777_00160.wav,real,00160,C:\Users\Shivaaya\Desktop\PrsimShieldAI\datasets\FakeAVCeleb_v1.2\FakeAVCeleb_v1.2\RealVideo-RealAudio\Caucasian (American)\men\id00777\00160.mp4,True,Caucasian (American)_men_id00777_00160,train
Caucasian (European)_women_id00484_00202.wav,real,00202,C:\Users\Shivaaya\Desktop\PrsimShieldAI\datasets\FakeAVCeleb_v1.2\FakeAVCeleb_v1.2\RealVideo-RealAudio\Caucasian (European)\women\id00484\00202.mp4,True,Caucasian (European)_women_id00484_00202,train
African_men_id00476_00109.wav,real,00109,C:\Users\Shivaaya\Desktop\PrsimShieldAI\datasets\FakeAVCeleb_v1.2\FakeAVCeleb_v1.2\RealVideo-RealAudio\African\men\id00476\00109.mp4,True,African_men_id00476_00109,train
Caucasian (American)_men_id00529_00409.wav,real,00409,C:\Users\Shivaaya\Desktop\PrsimShieldAI\datasets\FakeAVCeleb_v1.2\FakeAVCeleb_v1.2\RealVideo-RealAudio\Caucasian (American)\men\id00529\00409.mp4,True,Caucasian (American)_men_id00529_00409,val
Caucasian (European)_men_id00241_00015_id00415_saYfEadFy_s_id00694_wavtolip.wav,fake,00015_id00415_saYfEadFy_s_id00694_wavtolip,C:\Users\Shivaaya\Desktop\PrsimShieldAI\datasets\FakeAVCeleb_v1.2\FakeAVCeleb_v1.2\FakeVideo-FakeAudio\Caucasian (European)\men\id00241\00015_id00415_saYfEadFy_s_id00694_wavtolip.mp4,True,Caucasian (European)_men_id00241_00015,test
Caucasian (European)_men_id00594_00005.wav,real,00005,C:\Users\Shivaaya\Desktop\PrsimShieldAI\datasets\FakeAVCeleb_v1.2\FakeAVCeleb_v1.2\RealVideo-RealAudio\Caucasian (European)\men\id00594\00005.mp4,True,Caucasian (European)_men_id00594_00005,train
African_men_id00366_00118_id00076_Isiq7cA-DNE_faceswap_id02342_wavtolip.wav,fake,00118_id00076_Isiq7cA-DNE_faceswap_id02342_wavtolip,C:\Users\Shivaaya\Desktop\PrsimShieldAI\datasets\FakeAVCeleb_v1.2\FakeAVCeleb_v1.2\FakeVideo-FakeAudio\African\men\id00366\00118_id00076_Isiq7cA-DNE_faceswap_id02342_wavtolip.mp4,True,African_men_id00366_00118,train
Caucasian (European)_men_id00183_00015_id00192_wavtolip.wav,fake,00015_id00192_wavtolip,C:\Users\Shivaaya\Desktop\PrsimShieldAI\datasets\FakeAVCeleb_v1.2\FakeAVCeleb_v1.2\FakeVideo-FakeAudio\Caucasian (European)\men\id00183\00015_id00192_wavtolip.mp4,True,Caucasian (European)_men_id00183_00015,train
Asian (South)_men_id06334_00015_id03599_y27BDmRUqMQ_faceswap_id07200_wavtolip.wav,fake,00015_id03599_y27BDmRUqMQ_faceswap_id07200_wavtolip,C:\Users\Shivaaya\Desktop\PrsimShieldAI\datasets\FakeAVCeleb_v1.2\FakeAVCeleb_v1.2\FakeVideo-FakeAudio\Asian (South)\men\id06334\00015_id03599_y27BDmRUqMQ_faceswap_id07200_wavtolip.mp4,True,Asian (South)_men_id06334_00015,train
Caucasian (European)_women_id00897_00005.wav,real,00005,C:\Users\Shivaaya\Desktop\PrsimShieldAI\datasets\FakeAVCeleb_v1.2\FakeAVCeleb_v1.2\RealVideo-RealAudio\Caucasian (European)\women\id00897\00005.mp4,True,Caucasian (European)_women_id00897_00005,train
African_women_id05106_00078_id01178_wavtolip.wav,fake,00078_id01178_wavtolip,C:\Users\Shivaaya\Desktop\PrsimShieldAI\datasets\FakeAVCeleb_v1.2\FakeAVCeleb_v1.2\FakeVideo-FakeAudio\African\women\id05106\00078_id01178_wavtolip.mp4,True,African_women_id05106_00078,train
African_men_id01691_00045.wav,real,00045,C:\Users\Shivaaya\Desktop\PrsimShieldAI\datasets\FakeAVCeleb_v1.2\FakeAVCeleb_v1.2\RealVideo-RealAudio\African\men\id01691\00045.mp4,True,African_men_id01691_00045,train
African_women_id02586_00042.wav,real,00042,C:\Users\Shivaaya\Desktop\PrsimShieldAI\datasets\FakeAVCeleb_v1.2\FakeAVCeleb_v1.2\RealVideo-RealAudio\African\women\id02586\00042.mp4,True,African_women_id02586_00042,test
Asian (South)_women_id03897_00021_id04490_G00MMIdUOTc_faceswap_id05434_wavtolip.wav,fake,00021_id04490_G00MMIdUOTc_faceswap_id05434_wavtolip,C:\Users\Shivaaya\Desktop\PrsimShieldAI\datasets\FakeAVCeleb_v1.2\FakeAVCeleb_v1.2\FakeVideo-FakeAudio\Asian (South)\women\id03897\00021_id04490_G00MMIdUOTc_faceswap_id05434_wavtolip.mp4,True,Asian (South)_women_id03897_00021,train
Asian (South)_women_id07236_00143.wav,real,00143,C:\Users\Shivaaya\Desktop\PrsimShieldAI\datasets\FakeAVCeleb_v1.2\FakeAVCeleb_v1.2\RealVideo-RealAudio\Asian (South)\women\id07236\00143.mp4,True,Asian (South)_women_id07236_00143,train
African_women_id02808_00056.wav,real,00056,C:\Users\Shivaaya\Desktop\PrsimShieldAI\datasets\FakeAVCeleb_v1.2\FakeAVCeleb_v1.2\RealVideo-RealAudio\African\women\id02808\00056.mp4,True,African_women_id02808_00056,train
African_women_id00460_00005_id00371_wavtolip.wav,fake,00005_id00371_wavtolip,C:\Users\Shivaaya\Desktop\PrsimShieldAI\datasets\FakeAVCeleb_v1.2\FakeAVCeleb_v1.2\FakeVideo-FakeAudio\African\women\id00460\00005_id00371_wavtolip.mp4,True,African_women_id00460_00005,train
African_women_id02301_00092_id00829_aMEvVaUBq2Y_faceswap_id00371_wavtolip.wav,fake,00092_id00829_aMEvVaUBq2Y_faceswap_id00371_wavtolip,C:\Users\Shivaaya\Desktop\PrsimShieldAI\datasets\FakeAVCeleb_v1.2\FakeAVCeleb_v1.2\FakeVideo-FakeAudio\African\women\id02301\00092_id00829_aMEvVaUBq2Y_faceswap_id00371_wavtolip.mp4,True,African_women_id02301_00092,train
Caucasian (European)_women_id00332_00293_id03371_wavtolip.wav,fake,00293_id03371_wavtolip,C:\Users\Shivaaya\Desktop\PrsimShieldAI\datasets\FakeAVCeleb_v1.2\FakeAVCeleb_v1.2\FakeVideo-FakeAudio\Caucasian (European)\women\id00332\00293_id03371_wavtolip.mp4,True,Caucasian (European)_women_id00332_00293,train
African_men_id00478_00206_id01544_wavtolip.wav,fake,00206_id01544_wavtolip,C:\Users\Shivaaya\Desktop\PrsimShieldAI\datasets\FakeAVCeleb_v1.2\FakeAVCeleb_v1.2\FakeVideo-FakeAudio\African\men\id00478\00206_id01544_wavtolip.mp4,True,African_men_id00478_00206,train
Caucasian (American)_women_id01217_00005_id00462_EMnGfAq9gg4_id03556_wavtolip.wav,fake,00005_id00462_EMnGfAq9gg4_id03556_wavtolip,C:\Users\Shivaaya\Desktop\PrsimShieldAI\datasets\FakeAVCeleb_v1.2\FakeAVCeleb_v1.2\FakeVideo-FakeAudio\Caucasian (American)\women\id01217\00005_id00462_EMnGfAq9gg4_id03556_wavtolip.mp4,True,Caucasian (American)_women_id01217_00005,val
Asian (South)_men_id04562_00221.wav,real,00221,C:\Users\Shivaaya\Desktop\PrsimShieldAI\datasets\FakeAVCeleb_v1.2\FakeAVCeleb_v1.2\RealVideo-RealAudio\Asian (South)\men\id04562\00221.mp4,True,Asian (South)_men_id04562_00221,train
Asian (East)_women_id02807_00032_id06158_wavtolip.wav,fake,00032_id06158_wavtolip,C:\Users\Shivaaya\Desktop\PrsimShieldAI\datasets\FakeAVCeleb_v1.2\FakeAVCeleb_v1.2\FakeVideo-FakeAudio\Asian (East)\women\id02807\00032_id06158_wavtolip.mp4,True,Asian (East)_women_id02807_00032,train
Asian (South)_women_id00747_00053.wav,real,00053,C:\Users\Shivaaya\Desktop\PrsimShieldAI\datasets\FakeAVCeleb_v1.2\FakeAVCeleb_v1.2\RealVideo-RealAudio\Asian (South)\women\id00747\00053.mp4,True,Asian (South)_women_id00747_00053,train
Asian (East)_women_id08139_00067.wav,real,00067,C:\Users\Shivaaya\Desktop\PrsimShieldAI\datasets\FakeAVCeleb_v1.2\FakeAVCeleb_v1.2\RealVideo-RealAudio\Asian (East)\women\id08139\00067.mp4,True,Asian (East)_women_id08139_00067,val
Caucasian (European)_women_id00806_00005.wav,real,00005,C:\Users\Shivaaya\Desktop\PrsimShieldAI\datasets\FakeAVCeleb_v1.2\FakeAVCeleb_v1.2\RealVideo-RealAudio\Caucasian (European)\women\id00806\00005.mp4,True,Caucasian (European)_women_id00806_00005,train
Asian (South)_men_id07210_00005_id03180_wavtolip.wav,fake,00005_id03180_wavtolip,C:\Users\Shivaaya\Desktop\PrsimShieldAI\datasets\FakeAVCeleb_v1.2\FakeAVCeleb_v1.2\FakeVideo-FakeAudio\Asian (South)\men\id07210\00005_id03180_wavtolip.mp4,True,Asian (South)_men_id07210_00005,train
Asian (East)_women_id06462_00014_id08819_wavtolip.wav,fake,00014_id08819_wavtolip,C:\Users\Shivaaya\Desktop\PrsimShieldAI\datasets\FakeAVCeleb_v1.2\FakeAVCeleb_v1.2\FakeVideo-FakeAudio\Asian (East)\women\id06462\00014_id08819_wavtolip.mp4,True,Asian (East)_women_id06462_00014,train
Asian (East)_men_id08613_00074_id00597_wavtolip.wav,fake,00074_id00597_wavtolip,C:\Users\Shivaaya\Desktop\PrsimShieldAI\datasets\FakeAVCeleb_v1.2\FakeAVCeleb_v1.2\FakeVideo-FakeAudio\Asian (East)\men\id08613\00074_id00597_wavtolip.mp4,True,Asian (East)_men_id08613_00074,val
African_men_id04727_00007_id02342_wavtolip.wav,fake,00007_id02342_wavtolip,C:\Users\Shivaaya\Desktop\PrsimShieldAI\datasets\FakeAVCeleb_v1.2\FakeAVCeleb_v1.2\FakeVideo-FakeAudio\African\men\id04727\00007_id02342_wavtolip.mp4,True,African_men_id04727_00007,train
Asian (South)_men_id04560_00195_id00103_wavtolip.wav,fake,00195_id00103_wavtolip,C:\Users\Shivaaya\Desktop\PrsimShieldAI\datasets\FakeAVCeleb_v1.2\FakeAVCeleb_v1.2\FakeVideo-FakeAudio\Asian (South)\men\id04560\00195_id00103_wavtolip.mp4,True,Asian (South)_men_id04560_00195,val
African_women_id04736_00083.wav,real,00083,C:\Users\Shivaaya\Desktop\PrsimShieldAI\datasets\FakeAVCeleb_v1.2\FakeAVCeleb_v1.2\RealVideo-RealAudio\African\women\id04736\00083.mp4,True,African_women_id04736_00083,test
Caucasian (American)_men_id01211_00023.wav,real,00023,C:\Users\Shivaaya\Desktop\PrsimShieldAI\datasets\FakeAVCeleb_v1.2\FakeAVCeleb_v1.2\RealVideo-RealAudio\Caucasian (American)\men\id01211\00023.mp4,True,Caucasian (American)_men_id01211_00023,train
Asian (South)_men_id06753_00021.wav,real,00021,C:\Users\Shivaaya\Desktop\PrsimShieldAI\datasets\FakeAVCeleb_v1.2\FakeAVCeleb_v1.2\RealVideo-RealAudio\Asian (South)\men\id06753\00021.mp4,True,Asian (South)_men_id06753_00021,train
Caucasian (American)_women_id00381_00030_id00100_sZ0Ex4WUEgM_id03556_wavtolip.wav,fake,00030_id00100_sZ0Ex4WUEgM_id03556_wavtolip,C:\Users\Shivaaya\Desktop\PrsimShieldAI\datasets\FakeAVCeleb_v1.2\FakeAVCeleb_v1.2\FakeVideo-FakeAudio\Caucasian (American)\women\id00381\00030_id00100_sZ0Ex4WUEgM_id03556_wavtolip.mp4,True,Caucasian (American)_women_id00381_00030,train
Caucasian (European)_men_id00415_00017_id00559_Y7ovoKuvL78_id00055_wavtolip.wav,fake,00017_id00559_Y7ovoKuvL78_id00055_wavtolip,C:\Users\Shivaaya\Desktop\PrsimShieldAI\datasets\FakeAVCeleb_v1.2\FakeAVCeleb_v1.2\FakeVideo-FakeAudio\Caucasian (European)\men\id00415\00017_id00559_Y7ovoKuvL78_id00055_wavtolip.mp4,True,Caucasian (European)_men_id00415_00017,test
Asian (East)_men_id03889_00052_id02365_KTHM_LvjcgY_id03168_wavtolip.wav,fake,00052_id02365_KTHM_LvjcgY_id03168_wavtolip,C:\Users\Shivaaya\Desktop\PrsimShieldAI\datasets\FakeAVCeleb_v1.2\FakeAVCeleb_v1.2\FakeVideo-FakeAudio\Asian (East)\men\id03889\00052_id02365_KTHM_LvjcgY_id03168_wavtolip.mp4,True,Asian (East)_men_id03889_00052,train
Asian (East)_women_id09116_00026_id02587_wavtolip.wav,fake,00026_id02587_wavtolip,C:\Users\Shivaaya\Desktop\PrsimShieldAI\datasets\FakeAVCeleb_v1.2\FakeAVCeleb_v1.2\FakeVideo-FakeAudio\Asian (East)\women\id09116\00026_id02587_wavtolip.mp4,True,Asian (East)_women_id09116_00026,train
Caucasian (American)_men_id04034_00009.wav,real,00009,C:\Users\Shivaaya\Desktop\PrsimShieldAI\datasets\FakeAVCeleb_v1.2\FakeAVCeleb_v1.2\RealVideo-RealAudio\Caucasian (American)\men\id04034\00009.mp4,True,Caucasian (American)_men_id04034_00009,train
African_women_id04547_00052.wav,real,00052,C:\Users\Shivaaya\Desktop\PrsimShieldAI\datasets\FakeAVCeleb_v1.2\FakeAVCeleb_v1.2\RealVideo-RealAudio\African\women\id04547\00052.mp4,True,African_women_id04547_00052,test
Caucasian (European)_men_id00063_00021.wav,real,00021,C:\Users\Shivaaya\Desktop\PrsimShieldAI\datasets\FakeAVCeleb_v1.2\FakeAVCeleb_v1.2\RealVideo-RealAudio\Caucasian (European)\men\id00063\00021.mp4,True,Caucasian (European)_men_id00063_00021,train
Asian (South)_men_id07163_00141.wav,real,00141,C:\Users\Shivaaya\Desktop\PrsimShieldAI\datasets\FakeAVCeleb_v1.2\FakeAVCeleb_v1.2\RealVideo-RealAudio\Asian (South)\men\id07163\00141.mp4,True,Asian (South)_men_id07163_00141,train
Asian (East)_women_id09174_00015.wav,real,00015,C:\Users\Shivaaya\Desktop\PrsimShieldAI\datasets\FakeAVCeleb_v1.2\FakeAVCeleb_v1.2\RealVideo-RealAudio\Asian (East)\women\id09174\00015.mp4,True,Asian (East)_women_id09174_00015,train
Caucasian (European)_men_id01099_00206_id00554_crjq1dFN1Ko_id01123_wavtolip.wav,fake,00206_id00554_crjq1dFN1Ko_id01123_wavtolip,C:\Users\Shivaaya\Desktop\PrsimShieldAI\datasets\FakeAVCeleb_v1.2\FakeAVCeleb_v1.2\FakeVideo-FakeAudio\Caucasian (European)\men\id01099\00206_id00554_crjq1dFN1Ko_id01123_wavtolip.mp4,True,Caucasian (European)_men_id01099_00206,val
Asian (South)_women_id07078_00405_0_id00488_wavtolip.wav,fake,00405_0_id00488_wavtolip,C:\Users\Shivaaya\Desktop\PrsimShieldAI\datasets\FakeAVCeleb_v1.2\FakeAVCeleb_v1.2\FakeVideo-FakeAudio\Asian (South)\women\id07078\00405_0_id00488_wavtolip.mp4,True,Asian (South)_women_id07078_00405,train
African_women_id00359_00053.wav,real,00053,C:\Users\Shivaaya\Desktop\PrsimShieldAI\datasets\FakeAVCeleb_v1.2\FakeAVCeleb_v1.2\RealVideo-RealAudio\African\women\id00359\00053.mp4,True,African_women_id00359_00053,train
Caucasian (European)_men_id01058_00005_2_id00306_wavtolip.wav,fake,00005_2_id00306_wavtolip,C:\Users\Shivaaya\Desktop\PrsimShieldAI\datasets\FakeAVCeleb_v1.2\FakeAVCeleb_v1.2\FakeVideo-FakeAudio\Caucasian (European)\men\id01058\00005_2_id00306_wavtolip.mp4,True,Caucasian (European)_men_id01058_00005,test
Caucasian (European)_men_id01099_00206.wav,real,00206,C:\Users\Shivaaya\Desktop\PrsimShieldAI\datasets\FakeAVCeleb_v1.2\FakeAVCeleb_v1.2\RealVideo-RealAudio\Caucasian (European)\men\id01099\00206.mp4,True,Caucasian (European)_men_id01099_00206,train
African_men_id01933_00028_id01036_wavtolip.wav,fake,00028_id01036_wavtolip,C:\Users\Shivaaya\Desktop\PrsimShieldAI\datasets\FakeAVCeleb_v1.2\FakeAVCeleb_v1.2\FakeVideo-FakeAudio\African\men\id01933\00028_id01036_wavtolip.mp4,True,African_men_id01933_00028,train
African_men_id01779_00010.wav,real,00010,C:\Users\Shivaaya\Desktop\PrsimShieldAI\datasets\FakeAVCeleb_v1.2\FakeAVCeleb_v1.2\RealVideo-RealAudio\African\men\id01779\00010.mp4,True,African_men_id01779_00010,train
African_men_id01530_00002.wav,real,00002,C:\Users\Shivaaya\Desktop\PrsimShieldAI\datasets\FakeAVCeleb_v1.2\FakeAVCeleb_v1.2\RealVideo-RealAudio\African\men\id01530\00002.mp4,True,African_men_id01530_00002,train
African_women_id00832_00078.wav,real,00078,C:\Users\Shivaaya\Desktop\PrsimShieldAI\datasets\FakeAVCeleb_v1.2\FakeAVCeleb_v1.2\RealVideo-RealAudio\African\women\id00832\00078.mp4,True,African_women_id00832_00078,val
African_women_id03747_00273.wav,real,00273,C:\Users\Shivaaya\Desktop\PrsimShieldAI\datasets\FakeAVCeleb_v1.2\FakeAVCeleb_v1.2\RealVideo-RealAudio\African\women\id03747\00273.mp4,True,African_women_id03747_00273,train
Asian (East)_men_id00126_00173.wav,real,00173,C:\Users\Shivaaya\Desktop\PrsimShieldAI\datasets\FakeAVCeleb_v1.2\FakeAVCeleb_v1.2\RealVideo-RealAudio\Asian (East)\men\id00126\00173.mp4,True,Asian (East)_men_id00126_00173,train
Asian (East)_men_id00740_00015.wav,real,00015,C:\Users\Shivaaya\Desktop\PrsimShieldAI\datasets\FakeAVCeleb_v1.2\FakeAVCeleb_v1.2\RealVideo-RealAudio\Asian (East)\men\id00740\00015.mp4,True,Asian (East)_men_id00740_00015,train
Asian (South)_women_id04529_00186.wav,real,00186,C:\Users\Shivaaya\Desktop\PrsimShieldAI\datasets\FakeAVCeleb_v1.2\FakeAVCeleb_v1.2\RealVideo-RealAudio\Asian (South)\women\id04529\00186.mp4,True,Asian (South)_women_id04529_00186,test
Caucasian (American)_women_id00428_00017.wav,real,00017,C:\Users\Shivaaya\Desktop\PrsimShieldAI\datasets\FakeAVCeleb_v1.2\FakeAVCeleb_v1.2\RealVideo-RealAudio\Caucasian (American)\women\id00428\00017.mp4,True,Caucasian (American)_women_id00428_00017,train
Asian (East)_men_id01212_00183.wav,real,00183,C:\Users\Shivaaya\Desktop\PrsimShieldAI\datasets\FakeAVCeleb_v1.2\FakeAVCeleb_v1.2\RealVideo-RealAudio\Asian (East)\men\id01212\00183.mp4,True,Asian (East)_men_id01212_00183,val
African_men_id01521_00109_id00987_wavtolip.wav,fake,00109_id00987_wavtolip,C:\Users\Shivaaya\Desktop\PrsimShieldAI\datasets\FakeAVCeleb_v1.2\FakeAVCeleb_v1.2\FakeVideo-FakeAudio\African\men\id01521\00109_id00987_wavtolip.mp4,True,African_men_id01521_00109,test
Caucasian (European)_men_id00241_00015_id00990_wavtolip.wav,fake,00015_id00990_wavtolip,C:\Users\Shivaaya\Desktop\PrsimShieldAI\datasets\FakeAVCeleb_v1.2\FakeAVCeleb_v1.2\FakeVideo-FakeAudio\Caucasian (European)\men\id00241\00015_id00990_wavtolip.mp4,True,Caucasian (European)_men_id00241_00015,train
Caucasian (European)_women_id00823_00125_id00374_wavtolip.wav,fake,00125_id00374_wavtolip,C:\Users\Shivaaya\Desktop\PrsimShieldAI\datasets\FakeAVCeleb_v1.2\FakeAVCeleb_v1.2\FakeVideo-FakeAudio\Caucasian (European)\women\id00823\00125_id00374_wavtolip.mp4,True,Caucasian (European)_women_id00823_00125,val
Caucasian (American)_men_id01042_00154_id00052_wavtolip.wav,fake,00154_id00052_wavtolip,C:\Users\Shivaaya\Desktop\PrsimShieldAI\datasets\FakeAVCeleb_v1.2\FakeAVCeleb_v1.2\FakeVideo-FakeAudio\Caucasian (American)\men\id01042\00154_id00052_wavtolip.mp4,True,Caucasian (American)_men_id01042_00154,train
Caucasian (European)_men_id00963_00028_id00241_DlI4wqSFwbI_id00535_wavtolip.wav,fake,00028_id00241_DlI4wqSFwbI_id00535_wavtolip,C:\Users\Shivaaya\Desktop\PrsimShieldAI\datasets\FakeAVCeleb_v1.2\FakeAVCeleb_v1.2\FakeVideo-FakeAudio\Caucasian (European)\men\id00963\00028_id00241_DlI4wqSFwbI_id00535_wavtolip.mp4,True,Caucasian (European)_men_id00963_00028,val
Asian (South)_men_id04601_00118.wav,real,00118,C:\Users\Shivaaya\Desktop\PrsimShieldAI\datasets\FakeAVCeleb_v1.2\FakeAVCeleb_v1.2\RealVideo-RealAudio\Asian (South)\men\id04601\00118.mp4,True,Asian (South)_men_id04601_00118,train
African_women_id02586_00042_id02824_wavtolip.wav,fake,00042_id02824_wavtolip,C:\Users\Shivaaya\Desktop\PrsimShieldAI\datasets\FakeAVCeleb_v1.2\FakeAVCeleb_v1.2\FakeVideo-FakeAudio\African\women\id02586\00042_id02824_wavtolip.mp4,True,African_women_id02586_00042,train
Caucasian (European)_women_id03941_00021.wav,real,00021,C:\Users\Shivaaya\Desktop\PrsimShieldAI\datasets\FakeAVCeleb_v1.2\FakeAVCeleb_v1.2\RealVideo-RealAudio\Caucasian (European)\women\id03941\00021.mp4,True,Caucasian (European)_women_id03941_00021,val
Asian (South)_women_id06445_00150_id05435_wavtolip.wav,fake,00150_id05435_wavtolip,C:\Users\Shivaaya\Desktop\PrsimShieldAI\datasets\FakeAVCeleb_v1.2\FakeAVCeleb_v1.2\FakeVideo-FakeAudio\Asian (South)\women\id06445\00150_id05435_wavtolip.mp4,True,Asian (South)_women_id06445_00150,train
Caucasian (American)_men_id01124_00063_id00971_wavtolip.wav,fake,00063_id00971_wavtolip,C:\Users\Shivaaya\Desktop\PrsimShieldAI\datasets\FakeAVCeleb_v1.2\FakeAVCeleb_v1.2\FakeVideo-FakeAudio\Caucasian (American)\men\id01124\00063_id00971_wavtolip.mp4,True,Caucasian (American)_men_id01124_00063,train
Caucasian (American)_women_id00835_00195_id00462_EMnGfAq9gg4_id00180_wavtolip.wav,fake,00195_id00462_EMnGfAq9gg4_id00180_wavtolip,C:\Users\Shivaaya\Desktop\PrsimShieldAI\datasets\FakeAVCeleb_v1.2\FakeAVCeleb_v1.2\FakeVideo-FakeAudio\Caucasian (American)\women\id00835\00195_id00462_EMnGfAq9gg4_id00180_wavtolip.mp4,True,Caucasian (American)_women_id00835_00195,train
African_men_id01920_00099_id01597_52WEZxe4_GE_id01076_wavtolip.wav,fake,00099_id01597_52WEZxe4_GE_id01076_wavtolip,C:\Users\Shivaaya\Desktop\PrsimShieldAI\datasets\FakeAVCeleb_v1.2\FakeAVCeleb_v1.2\FakeVideo-FakeAudio\African\men\id01920\00099_id01597_52WEZxe4_GE_id01076_wavtolip.mp4,True,African_men_id01920_00099,val
Asian (East)_men_id06269_00005.wav,real,00005,C:\Users\Shivaaya\Desktop\PrsimShieldAI\datasets\FakeAVCeleb_v1.2\FakeAVCeleb_v1.2\RealVideo-RealAudio\Asian (East)\men\id06269\00005.mp4,True,Asian (East)_men_id06269_00005,train
Asian (South)_women_id05435_00107_id00488_F3YxmZ9CYFw_id00235_wavtolip.wav,fake,00107_id00488_F3YxmZ9CYFw_id00235_wavtolip,C:\Users\Shivaaya\Desktop\PrsimShieldAI\datasets\FakeAVCeleb_v1.2\FakeAVCeleb_v1.2\FakeVideo-FakeAudio\Asian (South)\women\id05435\00107_id00488_F3YxmZ9CYFw_id00235_wavtolip.mp4,True,Asian (South)_women_id05435_00107,train
Asian (South)_men_id00816_00118_id00685_Hgrz1Tbmix4_id00816_wavtolip.wav,fake,00118_id00685_Hgrz1Tbmix4_id00816_wavtolip,C:\Users\Shivaaya\Desktop\PrsimShieldAI\datasets\FakeAVCeleb_v1.2\FakeAVCeleb_v1.2\FakeVideo-FakeAudio\Asian (South)\men\id00816\00118_id00685_Hgrz1Tbmix4_id00816_wavtolip.mp4,True,Asian (South)_men_id00816_00118,val
Caucasian (American)_men_id00777_00160_id04221_5XfsCrxGvj4_id00184_wavtolip.wav,fake,00160_id04221_5XfsCrxGvj4_id00184_wavtolip,C:\Users\Shivaaya\Desktop\PrsimShieldAI\datasets\FakeAVCeleb_v1.2\FakeAVCeleb_v1.2\FakeVideo-FakeAudio\Caucasian (American)\men\id00777\00160_id04221_5XfsCrxGvj4_id00184_wavtolip.mp4,True,Caucasian (American)_men_id00777_00160,train
Asian (South)_women_id06232_00025_id06428_wavtolip.wav,fake,00025_id06428_wavtolip,C:\Users\Shivaaya\Desktop\PrsimShieldAI\datasets\FakeAVCeleb_v1.2\FakeAVCeleb_v1.2\FakeVideo-FakeAudio\Asian (South)\women\id06232\00025_id06428_wavtolip.mp4,True,Asian (South)_women_id06232_00025,train
Caucasian (European)_men_id00306_00015_id00241_wavtolip.wav,fake,00015_id00241_wavtolip,C:\Users\Shivaaya\Desktop\PrsimShieldAI\datasets\FakeAVCeleb_v1.2\FakeAVCeleb_v1.2\FakeVideo-FakeAudio\Caucasian (European)\men\id00306\00015_id00241_wavtolip.mp4,True,Caucasian (European)_men_id00306_00015,val
Caucasian (American)_men_id00264_00257_id00021_wavtolip.wav,fake,00257_id00021_wavtolip,C:\Users\Shivaaya\Desktop\PrsimShieldAI\datasets\FakeAVCeleb_v1.2\FakeAVCeleb_v1.2\FakeVideo-FakeAudio\Caucasian (American)\men\id00264\00257_id00021_wavtolip.mp4,True,Caucasian (American)_men_id00264_00257,train
African_women_id02808_00056_id00829_wavtolip.wav,fake,00056_id00829_wavtolip,C:\Users\Shivaaya\Desktop\PrsimShieldAI\datasets\FakeAVCeleb_v1.2\FakeAVCeleb_v1.2\FakeVideo-FakeAudio\African\women\id02808\00056_id00829_wavtolip.mp4,True,African_women_id02808_00056,val
Caucasian (American)_women_id00618_00195_id00145_JveyoCdoCuI_id01225_wavtolip.wav,fake,00195_id00145_JveyoCdoCuI_id01225_wavtolip,C:\Users\Shivaaya\Desktop\PrsimShieldAI\datasets\FakeAVCeleb_v1.2\FakeAVCeleb_v1.2\FakeVideo-FakeAudio\Caucasian (American)\women\id00618\00195_id00145_JveyoCdoCuI_id01225_wavtolip.mp4,True,Caucasian (American)_women_id00618_00195,train
Asian (South)_women_id05478_00135.wav,real,00135,C:\Users\Shivaaya\Desktop\PrsimShieldAI\datasets\FakeAVCeleb_v1.2\FakeAVCeleb_v1.2\RealVideo-RealAudio\Asian (South)\women\id05478\00135.mp4,True,Asian (South)_women_id05478_00135,val
Caucasian (American)_men_id00062_00278_id04221_5XfsCrxGvj4_faceswap_id01211_wavtolip.wav,fake,00278_id04221_5XfsCrxGvj4_faceswap_id01211_wavtolip,C:\Users\Shivaaya\Desktop\PrsimShieldAI\datasets\FakeAVCeleb_v1.2\FakeAVCeleb_v1.2\FakeVideo-FakeAudio\Caucasian (American)\men\id00062\00278_id04221_5XfsCrxGvj4_faceswap_id01211_wavtolip.mp4,True,Caucasian (American)_men_id00062_00278,test
Asian (South)_women_id04070_00072_id07078_sLVbTD3Dtgw_id06343_wavtolip.wav,fake,00072_id07078_sLVbTD3Dtgw_id06343_wavtolip,C:\Users\Shivaaya\Desktop\PrsimShieldAI\datasets\FakeAVCeleb_v1.2\FakeAVCeleb_v1.2\FakeVideo-FakeAudio\Asian (South)\women\id04070\00072_id07078_sLVbTD3Dtgw_id06343_wavtolip.mp4,True,Asian (South)_women_id04070_00072,train
African_women_id00592_00017.wav,real,00017,C:\Users\Shivaaya\Desktop\PrsimShieldAI\datasets\FakeAVCeleb_v1.2\FakeAVCeleb_v1.2\RealVideo-RealAudio\African\women\id00592\00017.mp4,True,African_women_id00592_00017,train
Asian (South)_men_id00082_00052_id00769_wavtolip.wav,fake,00052_id00769_wavtolip,C:\Users\Shivaaya\Desktop\PrsimShieldAI\datasets\FakeAVCeleb_v1.2\FakeAVCeleb_v1.2\FakeVideo-FakeAudio\Asian (South)\men\id00082\00052_id00769_wavtolip.mp4,True,Asian (South)_men_id00082_00052,train
Caucasian (European)_women_id00395_00420.wav,real,00420,C:\Users\Shivaaya\Desktop\PrsimShieldAI\datasets\FakeAVCeleb_v1.2\FakeAVCeleb_v1.2\RealVideo-RealAudio\Caucasian (European)\women\id00395\00420.mp4,True,Caucasian (European)_women_id00395_00420,test
African_men_id01610_00090.wav,real,00090,C:\Users\Shivaaya\Desktop\PrsimShieldAI\datasets\FakeAVCeleb_v1.2\FakeAVCeleb_v1.2\RealVideo-RealAudio\African\men\id01610\00090.mp4,True,African_men_id01610_00090,test
Asian (South)_men_id00032_00028.wav,real,00028,C:\Users\Shivaaya\Desktop\PrsimShieldAI\datasets\FakeAVCeleb_v1.2\FakeAVCeleb_v1.2\RealVideo-RealAudio\Asian (South)\men\id00032\00028.mp4,True,Asian (South)_men_id00032_00028,train
Asian (South)_women_id06438_00110_id06437_3BZvvzBhj8s_faceswap_id02619_wavtolip.wav,fake,00110_id06437_3BZvvzBhj8s_faceswap_id02619_wavtolip,C:\Users\Shivaaya\Desktop\PrsimShieldAI\datasets\FakeAVCeleb_v1.2\FakeAVCeleb_v1.2\FakeVideo-FakeAudio\Asian (South)\women\id06438\00110_id06437_3BZvvzBhj8s_faceswap_id02619_wavtolip.mp4,True,Asian (South)_women_id06438_00110,train
African_women_id02508_00083.wav,real,00083,C:\Users\Shivaaya\Desktop\PrsimShieldAI\datasets\FakeAVCeleb_v1.2\FakeAVCeleb_v1.2\RealVideo-RealAudio\African\women\id02508\00083.mp4,True,African_women_id02508_00083,train
Asian (East)_men_id03889_00052_id02332_hlo8q3-L9vI_id06878_wavtolip.wav,fake,00052_id02332_hlo8q3-L9vI_id06878_wavtolip,C:\Users\Shivaaya\Desktop\PrsimShieldAI\datasets\FakeAVCeleb_v1.2\FakeAVCeleb_v1.2\FakeVideo-FakeAudio\Asian (East)\men\id03889\00052_id02332_hlo8q3-L9vI_id06878_wavtolip.mp4,True,Asian (East)_men_id03889_00052,val
Asian (East)_men_id02493_00073_id09053_6baCAGutGFg_faceswap_id06776_wavtolip.wav,fake,00073_id09053_6baCAGutGFg_faceswap_id06776_wavtolip,C:\Users\Shivaaya\Desktop\PrsimShieldAI\datasets\FakeAVCeleb_v1.2\FakeAVCeleb_v1.2\FakeVideo-FakeAudio\Asian (East)\men\id02493\00073_id09053_6baCAGutGFg_faceswap_id06776_wavtolip.mp4,True,Asian (East)_men_id02493_00073,train
African_men_id00781_00092_id00476_UgdYVJ6xPYg_id01170_wavtolip.wav,fake,00092_id00476_UgdYVJ6xPYg_id01170_wavtolip,C:\Users\Shivaaya\Desktop\PrsimShieldAI\datasets\FakeAVCeleb_v1.2\FakeAVCeleb_v1.2\FakeVideo-FakeAudio\African\men\id00781\00092_id00476_UgdYVJ6xPYg_id01170_wavtolip.mp4,True,African_men_id00781_00092,train
Caucasian (European)_men_id01058_00005.wav,real,00005,C:\Users\Shivaaya\Desktop\PrsimShieldAI\datasets\FakeAVCeleb_v1.2\FakeAVCeleb_v1.2\RealVideo-RealAudio\Caucasian (European)\men\id01058\00005.mp4,True,Caucasian (European)_men_id01058_00005,val
Caucasian (European)_women_id00332_00293_id00330_zCFFgGSIZ_s_id03844_wavtolip.wav,fake,00293_id00330_zCFFgGSIZ_s_id03844_wavtolip,C:\Users\Shivaaya\Desktop\PrsimShieldAI\datasets\FakeAVCeleb_v1.2\FakeAVCeleb_v1.2\FakeVideo-FakeAudio\Caucasian (European)\women\id00332\00293_id00330_zCFFgGSIZ_s_id03844_wavtolip.mp4,True,Caucasian (European)_women_id00332_00293,test
Caucasian (American)_women_id00680_00110_id00180_wavtolip.wav,fake,00110_id00180_wavtolip,C:\Users\Shivaaya\Desktop\PrsimShieldAI\datasets\FakeAVCeleb_v1.2\FakeAVCeleb_v1.2\FakeVideo-FakeAudio\Caucasian (American)\women\id00680\00110_id00180_wavtolip.mp4,True,Caucasian (American)_women_id00680_00110,train
African_women_id04376_00181.wav,real,00181,C:\Users\Shivaaya\Desktop\PrsimShieldAI\datasets\FakeAVCeleb_v1.2\FakeAVCeleb_v1.2\RealVideo-RealAudio\African\women\id04376\00181.mp4,True,African_women_id04376_00181,train
Asian (South)_men_id03344_00114_id00745_wavtolip.wav,fake,00114_id00745_wavtolip,C:\Users\Shivaaya\Desktop\PrsimShieldAI\datasets\FakeAVCeleb_v1.2\FakeAVCeleb_v1.2\FakeVideo-FakeAudio\Asian (South)\men\id03344\00114_id00745_wavtolip.mp4,True,Asian (South)_men_id03344_00114,train
Caucasian (European)_women_id03371_00430_id00262_wavtolip.wav,fake,00430_id00262_wavtolip,C:\Users\Shivaaya\Desktop\PrsimShieldAI\datasets\FakeAVCeleb_v1.2\FakeAVCeleb_v1.2\FakeVideo-FakeAudio\Caucasian (European)\women\id03371\00430_id00262_wavtolip.mp4,True,Caucasian (European)_women_id03371_00430,train
Caucasian (American)_women_id03696_00160.wav,real,00160,C:\Users\Shivaaya\Desktop\PrsimShieldAI\datasets\FakeAVCeleb_v1.2\FakeAVCeleb_v1.2\RealVideo-RealAudio\Caucasian (American)\women\id03696\00160.mp4,True,Caucasian (American)_women_id03696_00160,train
Caucasian (American)_men_id00529_00409_id01239_wavtolip.wav,fake,00409_id01239_wavtolip,C:\Users\Shivaaya\Desktop\PrsimShieldAI\datasets\FakeAVCeleb_v1.2\FakeAVCeleb_v1.2\FakeVideo-FakeAudio\Caucasian (American)\men\id00529\00409_id01239_wavtolip.mp4,True,Caucasian (American)_men_id00529_00409,train
Caucasian (American)_men_id01192_00217.wav,real,00217,C:\Users\Shivaaya\Desktop\PrsimShieldAI\datasets\FakeAVCeleb_v1.2\FakeAVCeleb_v1.2\RealVideo-RealAudio\Caucasian (American)\men\id01192\00217.mp4,True,Caucasian (American)_men_id01192_00217,val
Caucasian (American)_women_id00616_00305_id00842_wavtolip.wav,fake,00305_id00842_wavtolip,C:\Users\Shivaaya\Desktop\PrsimShieldAI\datasets\FakeAVCeleb_v1.2\FakeAVCeleb_v1.2\FakeVideo-FakeAudio\Caucasian (American)\women\id00616\00305_id00842_wavtolip.mp4,True,Caucasian (American)_women_id00616_00305,val
Caucasian (European)_men_id00909_00037_id00368_KohcGDsg29U_faceswap_id01156_wavtolip.wav,fake,00037_id00368_KohcGDsg29U_faceswap_id01156_wavtolip,C:\Users\Shivaaya\Desktop\PrsimShieldAI\datasets\FakeAVCeleb_v1.2\FakeAVCeleb_v1.2\FakeVideo-FakeAudio\Caucasian (European)\men\id00909\00037_id00368_KohcGDsg29U_faceswap_id01156_wavtolip.mp4,True,Caucasian (European)_men_id00909_00037,train
Caucasian (American)_women_id01245_00028.wav,real,00028,C:\Users\Shivaaya\Desktop\PrsimShieldAI\datasets\FakeAVCeleb_v1.2\FakeAVCeleb_v1.2\RealVideo-RealAudio\Caucasian (American)\women\id01245\00028.mp4,True,Caucasian (American)_women_id01245_00028,val
Asian (East)_men_id04687_00066.wav,real,00066,C:\Users\Shivaaya\Desktop\PrsimShieldAI\datasets\FakeAVCeleb_v1.2\FakeAVCeleb_v1.2\RealVideo-RealAudio\Asian (East)\men\id04687\00066.mp4,True,Asian (East)_men_id04687_00066,train
Caucasian (European)_men_id00694_00340_id00535_BhvTIJ-YG5s_faceswap_id00990_wavtolip.wav,fake,00340_id00535_BhvTIJ-YG5s_faceswap_id00990_wavtolip,C:\Users\Shivaaya\Desktop\PrsimShieldAI\datasets\FakeAVCeleb_v1.2\FakeAVCeleb_v1.2\FakeVideo-FakeAudio\Caucasian (European)\men\id00694\00340_id00535_BhvTIJ-YG5s_faceswap_id00990_wavtolip.mp4,True,Caucasian (European)_men_id00694_00340,train
Caucasian (American)_men_id00088_00005_id00060_gZ4RkcQ0SXE_id00029_wavtolip.wav,fake,00005_id00060_gZ4RkcQ0SXE_id00029_wavtolip,C:\Users\Shivaaya\Desktop\PrsimShieldAI\datasets\FakeAVCeleb_v1.2\FakeAVCeleb_v1.2\FakeVideo-FakeAudio\Caucasian (American)\men\id00088\00005_id00060_gZ4RkcQ0SXE_id00029_wavtolip.mp4,True,Caucasian (American)_men_id00088_00005,train
Caucasian (American)_men_id01182_00167_3_id00943_wavtolip.wav,fake,00167_3_id00943_wavtolip,C:\Users\Shivaaya\Desktop\PrsimShieldAI\datasets\FakeAVCeleb_v1.2\FakeAVCeleb_v1.2\FakeVideo-FakeAudio\Caucasian (American)\men\id01182\00167_3_id00943_wavtolip.mp4,True,Caucasian (American)_men_id01182_00167,train
African_women_id05231_00149.wav,real,00149,C:\Users\Shivaaya\Desktop\PrsimShieldAI\datasets\FakeAVCeleb_v1.2\FakeAVCeleb_v1.2\RealVideo-RealAudio\African\women\id05231\00149.mp4,True,African_women_id05231_00149,train
Caucasian (American)_women_id00261_00048.wav,real,00048,C:\Users\Shivaaya\Desktop\PrsimShieldAI\datasets\FakeAVCeleb_v1.2\FakeAVCeleb_v1.2\RealVideo-RealAudio\Caucasian (American)\women\id00261\00048.mp4,True,Caucasian (American)_women_id00261_00048,val
Asian (South)_women_id04582_00180.wav,real,00180,C:\Users\Shivaaya\Desktop\PrsimShieldAI\datasets\FakeAVCeleb_v1.2\FakeAVCeleb_v1.2\RealVideo-RealAudio\Asian (South)\women\id04582\00180.mp4,True,Asian (South)_women_id04582_00180,val
Caucasian (American)_women_id00835_00195.wav,real,00195,C:\Users\Shivaaya\Desktop\PrsimShieldAI\datasets\FakeAVCeleb_v1.2\FakeAVCeleb_v1.2\RealVideo-RealAudio\Caucasian (American)\women\id00835\00195.mp4,True,Caucasian (American)_women_id00835_00195,train
Asian (East)_men_id04726_00245_0_id03168_wavtolip.wav,fake,00245_0_id03168_wavtolip,C:\Users\Shivaaya\Desktop\PrsimShieldAI\datasets\FakeAVCeleb_v1.2\FakeAVCeleb_v1.2\FakeVideo-FakeAudio\Asian (East)\men\id04726\00245_0_id03168_wavtolip.mp4,True,Asian (East)_men_id04726_00245,test
Asian (East)_men_id01683_00052_3_id07338_wavtolip.wav,fake,00052_3_id07338_wavtolip,C:\Users\Shivaaya\Desktop\PrsimShieldAI\datasets\FakeAVCeleb_v1.2\FakeAVCeleb_v1.2\FakeVideo-FakeAudio\Asian (East)\men\id01683\00052_3_id07338_wavtolip.mp4,True,Asian (East)_men_id01683_00052,train
Asian (East)_men_id06470_00052.wav,real,00052,C:\Users\Shivaaya\Desktop\PrsimShieldAI\datasets\FakeAVCeleb_v1.2\FakeAVCeleb_v1.2\RealVideo-RealAudio\Asian (East)\men\id06470\00052.mp4,True,Asian (East)_men_id06470_00052,test
Asian (South)_men_id00414_00052.wav,real,00052,C:\Users\Shivaaya\Desktop\PrsimShieldAI\datasets\FakeAVCeleb_v1.2\FakeAVCeleb_v1.2\RealVideo-RealAudio\Asian (South)\men\id00414\00052.mp4,True,Asian (South)_men_id00414_00052,train
Caucasian (American)_men_id00971_00253_id04073_KT7B07WFWyM_id00264_wavtolip.wav,fake,00253_id04073_KT7B07WFWyM_id00264_wavtolip,C:\Users\Shivaaya\Desktop\PrsimShieldAI\datasets\FakeAVCeleb_v1.2\FakeAVCeleb_v1.2\FakeVideo-FakeAudio\Caucasian (American)\men\id00971\00253_id04073_KT7B07WFWyM_id00264_wavtolip.mp4,True,Caucasian (American)_men_id00971_00253,train
Asian (East)_women_id08402_00092_id01281_ojEe5zGWESc_faceswap_id00763_wavtolip.wav,fake,00092_id01281_ojEe5zGWESc_faceswap_id00763_wavtolip,C:\Users\Shivaaya\Desktop\PrsimShieldAI\datasets\FakeAVCeleb_v1.2\FakeAVCeleb_v1.2\FakeVideo-FakeAudio\Asian (East)\women\id08402\00092_id01281_ojEe5zGWESc_faceswap_id00763_wavtolip.mp4,True,Asian (East)_women_id08402_00092,train
Caucasian (American)_women_id00752_00340_id00428_wavtolip.wav,fake,00340_id00428_wavtolip,C:\Users\Shivaaya\Desktop\PrsimShieldAI\datasets\FakeAVCeleb_v1.2\FakeAVCeleb_v1.2\FakeVideo-FakeAudio\Caucasian (American)\women\id00752\00340_id00428_wavtolip.mp4,True,Caucasian (American)_women_id00752_00340,test
African_women_id02808_00056_id03103_wiCYm3THQPw_faceswap_id00371_wavtolip.wav,fake,00056_id03103_wiCYm3THQPw_faceswap_id00371_wavtolip,C:\Users\Shivaaya\Desktop\PrsimShieldAI\datasets\FakeAVCeleb_v1.2\FakeAVCeleb_v1.2\FakeVideo-FakeAudio\African\women\id02808\00056_id03103_wiCYm3THQPw_faceswap_id00371_wavtolip.mp4,True,African_women_id02808_00056,test
Caucasian (European)_women_id00491_00122_id00633_UXrTMta1EDM_faceswap_id00569_wavtolip.wav,fake,00122_id00633_UXrTMta1EDM_faceswap_id00569_wavtolip,C:\Users\Shivaaya\Desktop\PrsimShieldAI\datasets\FakeAVCeleb_v1.2\FakeAVCeleb_v1.2\FakeVideo-FakeAudio\Caucasian (European)\women\id00491\00122_id00633_UXrTMta1EDM_faceswap_id00569_wavtolip.mp4,True,Caucasian (European)_women_id00491_00122,val
Asian (South)_women_id07377_00025_id06428_A9nvRKd1afA_id07236_wavtolip.wav,fake,00025_id06428_A9nvRKd1afA_id07236_wavtolip,C:\Users\Shivaaya\Desktop\PrsimShieldAI\datasets\FakeAVCeleb_v1.2\FakeAVCeleb_v1.2\FakeVideo-FakeAudio\Asian (South)\women\id07377\00025_id06428_A9nvRKd1afA_id07236_wavtolip.mp4,True,Asian (South)_women_id07377_00025,train
Caucasian (European)_women_id03941_00021_id00379_wavtolip.wav,fake,00021_id00379_wavtolip,C:\Users\Shivaaya\Desktop\PrsimShieldAI\datasets\FakeAVCeleb_v1.2\FakeAVCeleb_v1.2\FakeVideo-FakeAudio\Caucasian (European)\women\id03941\00021_id00379_wavtolip.mp4,True,Caucasian (European)_women_id03941_00021,val
Caucasian (American)_men_id01105_00083_id01192_kAht8HG7-1s_faceswap_id04219_wavtolip.wav,fake,00083_id01192_kAht8HG7-1s_faceswap_id04219_wavtolip,C:\Users\Shivaaya\Desktop\PrsimShieldAI\datasets\FakeAVCeleb_v1.2\FakeAVCeleb_v1.2\FakeVideo-FakeAudio\Caucasian (American)\men\id01105\00083_id01192_kAht8HG7-1s_faceswap_id04219_wavtolip.mp4,True,Caucasian (American)_men_id01105_00083,train
Asian (East)_men_id04687_00066_id02493_zYAm6W46Mcg_id04774_wavtolip.wav,fake,00066_id02493_zYAm6W46Mcg_id04774_wavtolip,C:\Users\Shivaaya\Desktop\PrsimShieldAI\datasets\FakeAVCeleb_v1.2\FakeAVCeleb_v1.2\FakeVideo-FakeAudio\Asian (East)\men\id04687\00066_id02493_zYAm6W46Mcg_id04774_wavtolip.mp4,True,Asian (East)_men_id04687_00066,train
Caucasian (American)_women_id00462_00143_id00835_zWTp4szbb5k_faceswap_id01091_wavtolip.wav,fake,00143_id00835_zWTp4szbb5k_faceswap_id01091_wavtolip,C:\Users\Shivaaya\Desktop\PrsimShieldAI\datasets\FakeAVCeleb_v1.2\FakeAVCeleb_v1.2\FakeVideo-FakeAudio\Caucasian (American)\women\id00462\00143_id00835_zWTp4szbb5k_faceswap_id01091_wavtolip.mp4,True,Caucasian (American)_women_id00462_00143,train
Caucasian (European)_women_id00496_00015_id00373_5NXv3Dxkd6E_id00806_wavtolip.wav,fake,00015_id00373_5NXv3Dxkd6E_id00806_wavtolip,C:\Users\Shivaaya\Desktop\PrsimShieldAI\datasets\FakeAVCeleb_v1.2\FakeAVCeleb_v1.2\FakeVideo-FakeAudio\Caucasian (European)\women\id00496\00015_id00373_5NXv3Dxkd6E_id00806_wavtolip.mp4,True,Caucasian (European)_women_id00496_00015,train
Caucasian (American)_women_id00418_00052_id01075_MtJUiHspdT0_id00752_wavtolip.wav,fake,00052_id01075_MtJUiHspdT0_id00752_wavtolip,C:\Users\Shivaaya\Desktop\PrsimShieldAI\datasets\FakeAVCeleb_v1.2\FakeAVCeleb_v1.2\FakeVideo-FakeAudio\Caucasian (American)\women\id00418\00052_id01075_MtJUiHspdT0_id00752_wavtolip.mp4,True,Caucasian (American)_women_id00418_00052,test
Caucasian (American)_women_id01227_00052_id01217_wavtolip.wav,fake,00052_id01217_wavtolip,C:\Users\Shivaaya\Desktop\PrsimShieldAI\datasets\FakeAVCeleb_v1.2\FakeAVCeleb_v1.2\FakeVideo-FakeAudio\Caucasian (American)\women\id01227\00052_id01217_wavtolip.mp4,True,Caucasian (American)_women_id01227_00052,train
Caucasian (European)_men_id00368_00078_id00963_wavtolip.wav,fake,00078_id00963_wavtolip,C:\Users\Shivaaya\Desktop\PrsimShieldAI\datasets\FakeAVCeleb_v1.2\FakeAVCeleb_v1.2\FakeVideo-FakeAudio\Caucasian (European)\men\id00368\00078_id00963_wavtolip.mp4,True,Caucasian (European)_men_id00368_00078,train
Caucasian (European)_women_id03858_00092.wav,real,00092,C:\Users\Shivaaya\Desktop\PrsimShieldAI\datasets\FakeAVCeleb_v1.2\FakeAVCeleb_v1.2\RealVideo-RealAudio\Caucasian (European)\women\id03858\00092.mp4,True,Caucasian (European)_women_id03858_00092,train
Asian (South)_women_id00080_00281.wav,real,00281,C:\Users\Shivaaya\Desktop\PrsimShieldAI\datasets\FakeAVCeleb_v1.2\FakeAVCeleb_v1.2\RealVideo-RealAudio\Asian (South)\women\id00080\00281.mp4,True,Asian (South)_women_id00080_00281,train
African_men_id00518_00031_id02040_wavtolip.wav,fake,00031_id02040_wavtolip,C:\Users\Shivaaya\Desktop\PrsimShieldAI\datasets\FakeAVCeleb_v1.2\FakeAVCeleb_v1.2\FakeVideo-FakeAudio\African\men\id00518\00031_id02040_wavtolip.mp4,True,African_men_id00518_00031,train
Asian (South)_men_id04526_00317.wav,real,00317,C:\Users\Shivaaya\Desktop\PrsimShieldAI\datasets\FakeAVCeleb_v1.2\FakeAVCeleb_v1.2\RealVideo-RealAudio\Asian (South)\men\id04526\00317.mp4,True,Asian (South)_men_id04526_00317,train
Asian (East)_women_id07739_00019_id04144__FJg9YswRzQ_faceswap_id06158_wavtolip.wav,fake,00019_id04144__FJg9YswRzQ_faceswap_id06158_wavtolip,C:\Users\Shivaaya\Desktop\PrsimShieldAI\datasets\FakeAVCeleb_v1.2\FakeAVCeleb_v1.2\FakeVideo-FakeAudio\Asian (East)\women\id07739\00019_id04144__FJg9YswRzQ_faceswap_id06158_wavtolip.mp4,True,Asian (East)_women_id07739_00019,train
Asian (South)_men_id00685_00146.wav,real,00146,C:\Users\Shivaaya\Desktop\PrsimShieldAI\datasets\FakeAVCeleb_v1.2\FakeAVCeleb_v1.2\RealVideo-RealAudio\Asian (South)\men\id00685\00146.mp4,True,Asian (South)_men_id00685_00146,train
Caucasian (European)_women_id01001_00086_id00735_wavtolip.wav,fake,00086_id00735_wavtolip,C:\Users\Shivaaya\Desktop\PrsimShieldAI\datasets\FakeAVCeleb_v1.2\FakeAVCeleb_v1.2\FakeVideo-FakeAudio\Caucasian (European)\women\id01001\00086_id00735_wavtolip.mp4,True,Caucasian (European)_women_id01001_00086,train
Asian (South)_women_id04564_00417.wav,real,00417,C:\Users\Shivaaya\Desktop\PrsimShieldAI\datasets\FakeAVCeleb_v1.2\FakeAVCeleb_v1.2\RealVideo-RealAudio\Asian (South)\women\id04564\00417.mp4,True,Asian (South)_women_id04564_00417,train
Asian (South)_men_id07200_00045_id07195_wXqfHGtaBn4_id00857_wavtolip.wav,fake,00045_id07195_wXqfHGtaBn4_id00857_wavtolip,C:\Users\Shivaaya\Desktop\PrsimShieldAI\datasets\FakeAVCeleb_v1.2\FakeAVCeleb_v1.2\FakeVideo-FakeAudio\Asian (South)\men\id07200\00045_id07195_wXqfHGtaBn4_id00857_wavtolip.mp4,True,Asian (South)_men_id07200_00045,train
Caucasian (American)_men_id03678_00078_id00169__V1xAwwG29U_id00243_wavtolip.wav,fake,00078_id00169__V1xAwwG29U_id00243_wavtolip,C:\Users\Shivaaya\Desktop\PrsimShieldAI\datasets\FakeAVCeleb_v1.2\FakeAVCeleb_v1.2\FakeVideo-FakeAudio\Caucasian (American)\men\id03678\00078_id00169__V1xAwwG29U_id00243_wavtolip.mp4,True,Caucasian (American)_men_id03678_00078,val
Caucasian (European)_women_id03649_00001_id00434_wavtolip.wav,fake,00001_id00434_wavtolip,C:\Users\Shivaaya\Desktop\PrsimShieldAI\datasets\FakeAVCeleb_v1.2\FakeAVCeleb_v1.2\FakeVideo-FakeAudio\Caucasian (European)\women\id03649\00001_id00434_wavtolip.mp4,True,Caucasian (European)_women_id03649_00001,val
Asian (South)_women_id06752_00221_id04490_wavtolip.wav,fake,00221_id04490_wavtolip,C:\Users\Shivaaya\Desktop\PrsimShieldAI\datasets\FakeAVCeleb_v1.2\FakeAVCeleb_v1.2\FakeVideo-FakeAudio\Asian (South)\women\id06752\00221_id04490_wavtolip.mp4,True,Asian (South)_women_id06752_00221,train
Caucasian (European)_women_id00332_00293_id00569_wavtolip.wav,fake,00293_id00569_wavtolip,C:\Users\Shivaaya\Desktop\PrsimShieldAI\datasets\FakeAVCeleb_v1.2\FakeAVCeleb_v1.2\FakeVideo-FakeAudio\Caucasian (European)\women\id00332\00293_id00569_wavtolip.mp4,True,Caucasian (European)_women_id00332_00293,test
Caucasian (European)_men_id00498_00014_id03205_wavtolip.wav,fake,00014_id03205_wavtolip,C:\Users\Shivaaya\Desktop\PrsimShieldAI\datasets\FakeAVCeleb_v1.2\FakeAVCeleb_v1.2\FakeVideo-FakeAudio\Caucasian (European)\men\id00498\00014_id03205_wavtolip.mp4,True,Caucasian (European)_men_id00498_00014,train
Caucasian (American)_men_id00945_00107.wav,real,00107,C:\Users\Shivaaya\Desktop\PrsimShieldAI\datasets\FakeAVCeleb_v1.2\FakeAVCeleb_v1.2\RealVideo-RealAudio\Caucasian (American)\men\id00945\00107.mp4,True,Caucasian (American)_men_id00945_00107,train
Asian (South)_men_id04601_00118_id00857_yJ7bbvwL4kU_id07768_wavtolip.wav,fake,00118_id00857_yJ7bbvwL4kU_id07768_wavtolip,C:\Users\Shivaaya\Desktop\PrsimShieldAI\datasets\FakeAVCeleb_v1.2\FakeAVCeleb_v1.2\FakeVideo-FakeAudio\Asian (South)\men\id04601\00118_id00857_yJ7bbvwL4kU_id07768_wavtolip.mp4,True,Asian (South)_men_id04601_00118,train
Asian (East)_men_id06467_00010.wav,real,00010,C:\Users\Shivaaya\Desktop\PrsimShieldAI\datasets\FakeAVCeleb_v1.2\FakeAVCeleb_v1.2\RealVideo-RealAudio\Asian (East)\men\id06467\00010.mp4,True,Asian (East)_men_id06467_00010,train
Asian (East)_men_id05383_00015_id01589_wavtolip.wav,fake,00015_id01589_wavtolip,C:\Users\Shivaaya\Desktop\PrsimShieldAI\datasets\FakeAVCeleb_v1.2\FakeAVCeleb_v1.2\FakeVideo-FakeAudio\Asian (East)\men\id05383\00015_id01589_wavtolip.mp4,True,Asian (East)_men_id05383_00015,train
Caucasian (American)_women_id00291_00052_id00385_oqf8cNi7lOI_id00291_wavtolip.wav,fake,00052_id00385_oqf8cNi7lOI_id00291_wavtolip,C:\Users\Shivaaya\Desktop\PrsimShieldAI\datasets\FakeAVCeleb_v1.2\FakeAVCeleb_v1.2\FakeVideo-FakeAudio\Caucasian (American)\women\id00291\00052_id00385_oqf8cNi7lOI_id00291_wavtolip.mp4,True,Caucasian (American)_women_id00291_00052,train
Caucasian (American)_men_id00345_00243_id01105_wavtolip.wav,fake,00243_id01105_wavtolip,C:\Users\Shivaaya\Desktop\PrsimShieldAI\datasets\FakeAVCeleb_v1.2\FakeAVCeleb_v1.2\FakeVideo-FakeAudio\Caucasian (American)\men\id00345\00243_id01105_wavtolip.mp4,True,Caucasian (American)_men_id00345_00243,train
Caucasian (European)_men_id00185_00015.wav,real,00015,C:\Users\Shivaaya\Desktop\PrsimShieldAI\datasets\FakeAVCeleb_v1.2\FakeAVCeleb_v1.2\RealVideo-RealAudio\Caucasian (European)\men\id00185\00015.mp4,True,Caucasian (European)_men_id00185_00015,test
Asian (South)_men_id04561_00248_id03945_wavtolip.wav,fake,00248_id03945_wavtolip,C:\Users\Shivaaya\Desktop\PrsimShieldAI\datasets\FakeAVCeleb_v1.2\FakeAVCeleb_v1.2\FakeVideo-FakeAudio\Asian (South)\men\id04561\00248_id03945_wavtolip.mp4,True,Asian (South)_men_id04561_00248,train
Caucasian (European)_women_id03941_00021_id03816_XXD0yTNei50_faceswap_id03649_wavtolip.wav,fake,00021_id03816_XXD0yTNei50_faceswap_id03649_wavtolip,C:\Users\Shivaaya\Desktop\PrsimShieldAI\datasets\FakeAVCeleb_v1.2\FakeAVCeleb_v1.2\FakeVideo-FakeAudio\Caucasian (European)\women\id03941\00021_id03816_XXD0yTNei50_faceswap_id03649_wavtolip.mp4,True,Caucasian (European)_women_id03941_00021,val
Asian (South)_men_id07233_00010.wav,real,00010,C:\Users\Shivaaya\Desktop\PrsimShieldAI\datasets\FakeAVCeleb_v1.2\FakeAVCeleb_v1.2\RealVideo-RealAudio\Asian (South)\men\id07233\00010.mp4,True,Asian (South)_men_id07233_00010,train
Asian (South)_women_id00149_00284.wav,real,00284,C:\Users\Shivaaya\Desktop\PrsimShieldAI\datasets\FakeAVCeleb_v1.2\FakeAVCeleb_v1.2\RealVideo-RealAudio\Asian (South)\women\id00149\00284.mp4,True,Asian (South)_women_id00149_00284,val
African_men_id01598_00044_id00518_qm7oQcDg4oI_id02342_wavtolip.wav,fake,00044_id00518_qm7oQcDg4oI_id02342_wavtolip,C:\Users\Shivaaya\Desktop\PrsimShieldAI\datasets\FakeAVCeleb_v1.2\FakeAVCeleb_v1.2\FakeVideo-FakeAudio\African\men\id01598\00044_id00518_qm7oQcDg4oI_id02342_wavtolip.mp4,True,African_men_id01598_00044,train
Caucasian (European)_women_id00581_00010.wav,real,00010,C:\Users\Shivaaya\Desktop\PrsimShieldAI\datasets\FakeAVCeleb_v1.2\FakeAVCeleb_v1.2\RealVideo-RealAudio\Caucasian (European)\women\id00581\00010.mp4,True,Caucasian (European)_women_id00581_00010,val
Asian (South)_men_id03180_00039_id04537_wavtolip.wav,fake,00039_id04537_wavtolip,C:\Users\Shivaaya\Desktop\PrsimShieldAI\datasets\FakeAVCeleb_v1.2\FakeAVCeleb_v1.2\FakeVideo-FakeAudio\Asian (South)\men\id03180\00039_id04537_wavtolip.mp4,True,Asian (South)_men_id03180_00039,train
Caucasian (European)_women_id01001_00086_id00826_wavtolip.wav,fake,00086_id00826_wavtolip,C:\Users\Shivaaya\Desktop\PrsimShieldAI\datasets\FakeAVCeleb_v1.2\FakeAVCeleb_v1.2\FakeVideo-FakeAudio\Caucasian (European)\women\id01001\00086_id00826_wavtolip.mp4,True,Caucasian (European)_women_id01001_00086,train
Asian (South)_men_id07200_00045.wav,real,00045,C:\Users\Shivaaya\Desktop\PrsimShieldAI\datasets\FakeAVCeleb_v1.2\FakeAVCeleb_v1.2\RealVideo-RealAudio\Asian (South)\men\id07200\00045.mp4,True,Asian (South)_men_id07200_00045,train
African_men_id02494_00050.wav,real,00050,C:\Users\Shivaaya\Desktop\PrsimShieldAI\datasets\FakeAVCeleb_v1.2\FakeAVCeleb_v1.2\RealVideo-RealAudio\African\men\id02494\00050.mp4,True,African_men_id02494_00050,train
Caucasian (American)_men_id00049_00118_id04219_9llHvP-jYDg_id00945_wavtolip.wav,fake,00118_id04219_9llHvP-jYDg_id00945_wavtolip,C:\Users\Shivaaya\Desktop\PrsimShieldAI\datasets\FakeAVCeleb_v1.2\FakeAVCeleb_v1.2\FakeVideo-FakeAudio\Caucasian (American)\men\id00049\00118_id04219_9llHvP-jYDg_id00945_wavtolip.mp4,True,Caucasian (American)_men_id00049_00118,train
Caucasian (American)_women_id00752_00340_id00097_wavtolip.wav,fake,00340_id00097_wavtolip,C:\Users\Shivaaya\Desktop\PrsimShieldAI\datasets\FakeAVCeleb_v1.2\FakeAVCeleb_v1.2\FakeVideo-FakeAudio\Caucasian (American)\women\id00752\00340_id00097_wavtolip.mp4,True,Caucasian (American)_women_id00752_00340,train
Asian (East)_men_id01215_00001_id02493_wavtolip.wav,fake,00001_id02493_wavtolip,C:\Users\Shivaaya\Desktop\PrsimShieldAI\datasets\FakeAVCeleb_v1.2\FakeAVCeleb_v1.2\FakeVideo-FakeAudio\Asian (East)\men\id01215\00001_id02493_wavtolip.mp4,True,Asian (East)_men_id01215_00001,test
Asian (East)_women_id07383_00011_id00935_09fNE0b4Dlg_id09181_wavtolip.wav,fake,00011_id00935_09fNE0b4Dlg_id09181_wavtolip,C:\Users\Shivaaya\Desktop\PrsimShieldAI\datasets\FakeAVCeleb_v1.2\FakeAVCeleb_v1.2\FakeVideo-FakeAudio\Asian (East)\women\id07383\00011_id00935_09fNE0b4Dlg_id09181_wavtolip.mp4,True,Asian (East)_women_id07383_00011,train
African_men_id01544_00044_id01691_IVtS5z8Jrrk_id00076_wavtolip.wav,fake,00044_id01691_IVtS5z8Jrrk_id00076_wavtolip,C:\Users\Shivaaya\Desktop\PrsimShieldAI\datasets\FakeAVCeleb_v1.2\FakeAVCeleb_v1.2\FakeVideo-FakeAudio\African\men\id01544\00044_id01691_IVtS5z8Jrrk_id00076_wavtolip.mp4,True,African_men_id01544_00044,train
Caucasian (American)_men_id00052_00015_id03757_wavtolip.wav,fake,00015_id03757_wavtolip,C:\Users\Shivaaya\Desktop\PrsimShieldAI\datasets\FakeAVCeleb_v1.2\FakeAVCeleb_v1.2\FakeVideo-FakeAudio\Caucasian (American)\men\id00052\00015_id03757_wavtolip.mp4,True,Caucasian (American)_men_id00052_00015,train
Caucasian (European)_men_id00519_00028_id01154_tvmOcaG4A4w_faceswap_id00253_wavtolip.wav,fake,00028_id01154_tvmOcaG4A4w_faceswap_id00253_wavtolip,C:\Users\Shivaaya\Desktop\PrsimShieldAI\datasets\FakeAVCeleb_v1.2\FakeAVCeleb_v1.2\FakeVideo-FakeAudio\Caucasian (European)\men\id00519\00028_id01154_tvmOcaG4A4w_faceswap_id00253_wavtolip.mp4,True,Caucasian (European)_men_id00519_00028,train
Caucasian (European)_women_id00379_00043_id00633_UXrTMta1EDM_faceswap_id01018_wavtolip.wav,fake,00043_id00633_UXrTMta1EDM_faceswap_id01018_wavtolip,C:\Users\Shivaaya\Desktop\PrsimShieldAI\datasets\FakeAVCeleb_v1.2\FakeAVCeleb_v1.2\FakeVideo-FakeAudio\Caucasian (European)\women\id00379\00043_id00633_UXrTMta1EDM_faceswap_id01018_wavtolip.mp4,True,Caucasian (European)_women_id00379_00043,train
Asian (East)_men_id04884_00028.wav,real,00028,C:\Users\Shivaaya\Desktop\PrsimShieldAI\datasets\FakeAVCeleb_v1.2\FakeAVCeleb_v1.2\RealVideo-RealAudio\Asian (East)\men\id04884\00028.mp4,True,Asian (East)_men_id04884_00028,train
Asian (South)_men_id00745_00165_id07195_wXqfHGtaBn4_id00732_wavtolip.wav,fake,00165_id07195_wXqfHGtaBn4_id00732_wavtolip,C:\Users\Shivaaya\Desktop\PrsimShieldAI\datasets\FakeAVCeleb_v1.2\FakeAVCeleb_v1.2\FakeVideo-FakeAudio\Asian (South)\men\id00745\00165_id07195_wXqfHGtaBn4_id00732_wavtolip.mp4,True,Asian (South)_men_id00745_00165,train
Caucasian (American)_women_id00848_00028_id02464_wavtolip.wav,fake,00028_id02464_wavtolip,C:\Users\Shivaaya\Desktop\PrsimShieldAI\datasets\FakeAVCeleb_v1.2\FakeAVCeleb_v1.2\FakeVideo-FakeAudio\Caucasian (American)\women\id00848\00028_id02464_wavtolip.mp4,True,Caucasian (American)_women_id00848_00028,train
Asian (South)_women_id00080_00281_id04070_F3CgrqRjcgw_id03815_wavtolip.wav,fake,00281_id04070_F3CgrqRjcgw_id03815_wavtolip,C:\Users\Shivaaya\Desktop\PrsimShieldAI\datasets\FakeAVCeleb_v1.2\FakeAVCeleb_v1.2\FakeVideo-FakeAudio\Asian (South)\women\id00080\00281_id04070_F3CgrqRjcgw_id03815_wavtolip.mp4,True,Asian (South)_women_id00080_00281,train
Caucasian (American)_women_id00098_00004.wav,real,00004,C:\Users\Shivaaya\Desktop\PrsimShieldAI\datasets\FakeAVCeleb_v1.2\FakeAVCeleb_v1.2\RealVideo-RealAudio\Caucasian (American)\women\id00098\00004.mp4,True,Caucasian (American)_women_id00098_00004,val
Asian (South)_men_id00078_00114_id08313_wavtolip.wav,fake,00114_id08313_wavtolip,C:\Users\Shivaaya\Desktop\PrsimShieldAI\datasets\FakeAVCeleb_v1.2\FakeAVCeleb_v1.2\FakeVideo-FakeAudio\Asian (South)\men\id00078\00114_id08313_wavtolip.mp4,True,Asian (South)_men_id00078_00114,train
Caucasian (American)_women_id00383_00171.wav,real,00171,C:\Users\Shivaaya\Desktop\PrsimShieldAI\datasets\FakeAVCeleb_v1.2\FakeAVCeleb_v1.2\RealVideo-RealAudio\Caucasian (American)\women\id00383\00171.mp4,True,Caucasian (American)_women_id00383_00171,train
Caucasian (European)_women_id01002_00043.wav,real,00043,C:\Users\Shivaaya\Desktop\PrsimShieldAI\datasets\FakeAVCeleb_v1.2\FakeAVCeleb_v1.2\RealVideo-RealAudio\Caucasian (European)\women\id01002\00043.mp4,True,Caucasian (European)_women_id01002_00043,train
Asian (East)_men_id02553_00043_id09053_6baCAGutGFg_id03965_wavtolip.wav,fake,00043_id09053_6baCAGutGFg_id03965_wavtolip,C:\Users\Shivaaya\Desktop\PrsimShieldAI\datasets\FakeAVCeleb_v1.2\FakeAVCeleb_v1.2\FakeVideo-FakeAudio\Asian (East)\men\id02553\00043_id09053_6baCAGutGFg_id03965_wavtolip.mp4,True,Asian (East)_men_id02553_00043,train
Caucasian (European)_men_id00909_00037_id01156_wavtolip.wav,fake,00037_id01156_wavtolip,C:\Users\Shivaaya\Desktop\PrsimShieldAI\datasets\FakeAVCeleb_v1.2\FakeAVCeleb_v1.2\FakeVideo-FakeAudio\Caucasian (European)\men\id00909\00037_id01156_wavtolip.mp4,True,Caucasian (European)_men_id00909_00037,train
Asian (South)_women_id07377_00025.wav,real,00025,C:\Users\Shivaaya\Desktop\PrsimShieldAI\datasets\FakeAVCeleb_v1.2\FakeAVCeleb_v1.2\RealVideo-RealAudio\Asian (South)\women\id07377\00025.mp4,True,Asian (South)_women_id07377_00025,train
Caucasian (American)_men_id01105_00083.wav,real,00083,C:\Users\Shivaaya\Desktop\PrsimShieldAI\datasets\FakeAVCeleb_v1.2\FakeAVCeleb_v1.2\RealVideo-RealAudio\Caucasian (American)\men\id01105\00083.mp4,True,Caucasian (American)_men_id01105_00083,train
Asian (East)_women_id09125_00098.wav,real,00098,C:\Users\Shivaaya\Desktop\PrsimShieldAI\datasets\FakeAVCeleb_v1.2\FakeAVCeleb_v1.2\RealVideo-RealAudio\Asian (East)\women\id09125\00098.mp4,True,Asian (East)_women_id09125_00098,train
Caucasian (American)_women_id01225_00300_id00231_wavtolip.wav,fake,00300_id00231_wavtolip,C:\Users\Shivaaya\Desktop\PrsimShieldAI\datasets\FakeAVCeleb_v1.2\FakeAVCeleb_v1.2\FakeVideo-FakeAudio\Caucasian (American)\women\id01225\00300_id00231_wavtolip.mp4,True,Caucasian (American)_women_id01225_00300,val
Asian (East)_men_id04789_002121.wav,real,002121,C:\Users\Shivaaya\Desktop\PrsimShieldAI\datasets\FakeAVCeleb_v1.2\FakeAVCeleb_v1.2\RealVideo-RealAudio\Asian (East)\men\id04789\002121.mp4,True,Asian (East)_men_id04789_002121,train
Caucasian (European)_women_id00813_00169.wav,real,00169,C:\Users\Shivaaya\Desktop\PrsimShieldAI\datasets\FakeAVCeleb_v1.2\FakeAVCeleb_v1.2\RealVideo-RealAudio\Caucasian (European)\women\id00813\00169.mp4,True,Caucasian (European)_women_id00813_00169,test
African_women_id05106_00078_id00371_wavtolip.wav,fake,00078_id00371_wavtolip,C:\Users\Shivaaya\Desktop\PrsimShieldAI\datasets\FakeAVCeleb_v1.2\FakeAVCeleb_v1.2\FakeVideo-FakeAudio\African\women\id05106\00078_id00371_wavtolip.mp4,True,African_women_id05106_00078,train
Caucasian (European)_men_id00055_00120.wav,real,00120,C:\Users\Shivaaya\Desktop\PrsimShieldAI\datasets\FakeAVCeleb_v1.2\FakeAVCeleb_v1.2\RealVideo-RealAudio\Caucasian (European)\men\id00055\00120.mp4,True,Caucasian (European)_men_id00055_00120,val
African_women_id04374_00032.wav,real,00032,C:\Users\Shivaaya\Desktop\PrsimShieldAI\datasets\FakeAVCeleb_v1.2\FakeAVCeleb_v1.2\RealVideo-RealAudio\African\women\id04374\00032.mp4,True,African_women_id04374_00032,train
Asian (East)_men_id04222_00078.wav,real,00078,C:\Users\Shivaaya\Desktop\PrsimShieldAI\datasets\FakeAVCeleb_v1.2\FakeAVCeleb_v1.2\RealVideo-RealAudio\Asian (East)\men\id04222\00078.mp4,True,Asian (East)_men_id04222_00078,val
African_women_id00359_00053_id05106_ZnnDdjlABM4_id03569_wavtolip.wav,fake,00053_id05106_ZnnDdjlABM4_id03569_wavtolip,C:\Users\Shivaaya\Desktop\PrsimShieldAI\datasets\FakeAVCeleb_v1.2\FakeAVCeleb_v1.2\FakeVideo-FakeAudio\African\women\id00359\00053_id05106_ZnnDdjlABM4_id03569_wavtolip.mp4,True,African_women_id00359_00053,train
African_men_id01856_00006.wav,real,00006,C:\Users\Shivaaya\Desktop\PrsimShieldAI\datasets\FakeAVCeleb_v1.2\FakeAVCeleb_v1.2\RealVideo-RealAudio\African\men\id01856\00006.mp4,True,African_men_id01856_00006,val
Caucasian (American)_women_id00261_00048_id00428_Kr7n-68JWww_id03605_wavtolip.wav,fake,00048_id00428_Kr7n-68JWww_id03605_wavtolip,C:\Users\Shivaaya\Desktop\PrsimShieldAI\datasets\FakeAVCeleb_v1.2\FakeAVCeleb_v1.2\FakeVideo-FakeAudio\Caucasian (American)\women\id00261\00048_id00428_Kr7n-68JWww_id03605_wavtolip.mp4,True,Caucasian (American)_women_id00261_00048,train
Caucasian (European)_women_id00325_00015.wav,real,00015,C:\Users\Shivaaya\Desktop\PrsimShieldAI\datasets\FakeAVCeleb_v1.2\FakeAVCeleb_v1.2\RealVideo-RealAudio\Caucasian (European)\women\id00325\00015.mp4,True,Caucasian (European)_women_id00325_00015,test
Caucasian (European)_men_id00554_00028.wav,real,00028,C:\Users\Shivaaya\Desktop\PrsimShieldAI\datasets\FakeAVCeleb_v1.2\FakeAVCeleb_v1.2\RealVideo-RealAudio\Caucasian (European)\men\id00554\00028.mp4,True,Caucasian (European)_men_id00554_00028,train
Caucasian (American)_men_id04221_00053.wav,real,00053,C:\Users\Shivaaya\Desktop\PrsimShieldAI\datasets\FakeAVCeleb_v1.2\FakeAVCeleb_v1.2\RealVideo-RealAudio\Caucasian (American)\men\id04221\00053.mp4,True,Caucasian (American)_men_id04221_00053,train
African_women_id03103_00130.wav,real,00130,C:\Users\Shivaaya\Desktop\PrsimShieldAI\datasets\FakeAVCeleb_v1.2\FakeAVCeleb_v1.2\RealVideo-RealAudio\African\women\id03103\00130.mp4,True,African_women_id03103_00130,test
Caucasian (American)_men_id00029_00288_id01044_wavtolip.wav,fake,00288_id01044_wavtolip,C:\Users\Shivaaya\Desktop\PrsimShieldAI\datasets\FakeAVCeleb_v1.2\FakeAVCeleb_v1.2\FakeVideo-FakeAudio\Caucasian (American)\men\id00029\00288_id01044_wavtolip.mp4,True,Caucasian (American)_men_id00029_00288,train
Asian (East)_men_id05332_00065.wav,real,00065,C:\Users\Shivaaya\Desktop\PrsimShieldAI\datasets\FakeAVCeleb_v1.2\FakeAVCeleb_v1.2\RealVideo-RealAudio\Asian (East)\men\id05332\00065.mp4,True,Asian (East)_men_id05332_00065,train
African_men_id01207_00320_id01779_wavtolip.wav,fake,00320_id01779_wavtolip,C:\Users\Shivaaya\Desktop\PrsimShieldAI\datasets\FakeAVCeleb_v1.2\FakeAVCeleb_v1.2\FakeVideo-FakeAudio\African\men\id01207\00320_id01779_wavtolip.mp4,True,African_men_id01207_00320,test
Asian (East)_women_id00579_00030_id00935_09fNE0b4Dlg_id00137_wavtolip.wav,fake,00030_id00935_09fNE0b4Dlg_id00137_wavtolip,C:\Users\Shivaaya\Desktop\PrsimShieldAI\datasets\FakeAVCeleb_v1.2\FakeAVCeleb_v1.2\FakeVideo-FakeAudio\Asian (East)\women\id00579\00030_id00935_09fNE0b4Dlg_id00137_wavtolip.mp4,True,Asian (East)_women_id00579_00030,train
Asian (South)_men_id00414_00052_id00032_wavtolip.wav,fake,00052_id00032_wavtolip,C:\Users\Shivaaya\Desktop\PrsimShieldAI\datasets\FakeAVCeleb_v1.2\FakeAVCeleb_v1.2\FakeVideo-FakeAudio\Asian (South)\men\id00414\00052_id00032_wavtolip.mp4,True,Asian (South)_men_id00414_00052,train
Asian (East)_women_id03379_00032_id06061_TckvmWR97vo_id05631_wavtolip.wav,fake,00032_id06061_TckvmWR97vo_id05631_wavtolip,C:\Users\Shivaaya\Desktop\PrsimShieldAI\datasets\FakeAVCeleb_v1.2\FakeAVCeleb_v1.2\FakeVideo-FakeAudio\Asian (East)\women\id03379\00032_id06061_TckvmWR97vo_id05631_wavtolip.mp4,True,Asian (East)_women_id03379_00032,test
Caucasian (European)_men_id00306_00015.wav,real,00015,C:\Users\Shivaaya\Desktop\PrsimShieldAI\datasets\FakeAVCeleb_v1.2\FakeAVCeleb_v1.2\RealVideo-RealAudio\Caucasian (European)\men\id00306\00015.mp4,True,Caucasian (European)_men_id00306_00015,train
Asian (South)_women_id05435_00107_id03985_wavtolip.wav,fake,00107_id03985_wavtolip,C:\Users\Shivaaya\Desktop\PrsimShieldAI\datasets\FakeAVCeleb_v1.2\FakeAVCeleb_v1.2\FakeVideo-FakeAudio\Asian (South)\women\id05435\00107_id03985_wavtolip.mp4,True,Asian (South)_women_id05435_00107,train
Asian (South)_men_id07195_00186.wav,real,00186,C:\Users\Shivaaya\Desktop\PrsimShieldAI\datasets\FakeAVCeleb_v1.2\FakeAVCeleb_v1.2\RealVideo-RealAudio\Asian (South)\men\id07195\00186.mp4,True,Asian (South)_men_id07195_00186,train
Asian (East)_men_id08652_00006.wav,real,00006,C:\Users\Shivaaya\Desktop\PrsimShieldAI\datasets\FakeAVCeleb_v1.2\FakeAVCeleb_v1.2\RealVideo-RealAudio\Asian (East)\men\id08652\00006.mp4,True,Asian (East)_men_id08652_00006,train
Asian (East)_women_id07799_00063.wav,real,00063,C:\Users\Shivaaya\Desktop\PrsimShieldAI\datasets\FakeAVCeleb_v1.2\FakeAVCeleb_v1.2\RealVideo-RealAudio\Asian (East)\women\id07799\00063.mp4,True,Asian (East)_women_id07799_00063,train
Asian (East)_women_id09116_00026.wav,real,00026,C:\Users\Shivaaya\Desktop\PrsimShieldAI\datasets\FakeAVCeleb_v1.2\FakeAVCeleb_v1.2\RealVideo-RealAudio\Asian (East)\women\id09116\00026.mp4,True,Asian (East)_women_id09116_00026,test
Asian (East)_men_id06591_00021.wav,real,00021,C:\Users\Shivaaya\Desktop\PrsimShieldAI\datasets\FakeAVCeleb_v1.2\FakeAVCeleb_v1.2\RealVideo-RealAudio\Asian (East)\men\id06591\00021.mp4,True,Asian (East)_men_id06591_00021,val
Caucasian (European)_women_id00823_00125.wav,real,00125,C:\Users\Shivaaya\Desktop\PrsimShieldAI\datasets\FakeAVCeleb_v1.2\FakeAVCeleb_v1.2\RealVideo-RealAudio\Caucasian (European)\women\id00823\00125.mp4,True,Caucasian (European)_women_id00823_00125,train
Asian (South)_women_id01026_00083_1_id04927_wavtolip.wav,fake,00083_1_id04927_wavtolip,C:\Users\Shivaaya\Desktop\PrsimShieldAI\datasets\FakeAVCeleb_v1.2\FakeAVCeleb_v1.2\FakeVideo-FakeAudio\Asian (South)\women\id01026\00083_1_id04927_wavtolip.mp4,True,Asian (South)_women_id01026_00083,train
African_women_id05251_00033.wav,real,00033,C:\Users\Shivaaya\Desktop\PrsimShieldAI\datasets\FakeAVCeleb_v1.2\FakeAVCeleb_v1.2\RealVideo-RealAudio\African\women\id05251\00033.mp4,True,African_women_id05251_00033,train
African_women_id04540_00078_id05231_wavtolip.wav,fake,00078_id05231_wavtolip,C:\Users\Shivaaya\Desktop\PrsimShieldAI\datasets\FakeAVCeleb_v1.2\FakeAVCeleb_v1.2\FakeVideo-FakeAudio\African\women\id04540\00078_id05231_wavtolip.mp4,True,African_women_id04540_00078,train
Asian (East)_men_id00597_00019.wav,real,00019,C:\Users\Shivaaya\Desktop\PrsimShieldAI\datasets\FakeAVCeleb_v1.2\FakeAVCeleb_v1.2\RealVideo-RealAudio\Asian (East)\men\id00597\00019.mp4,True,Asian (East)_men_id00597_00019,train
Asian (South)_women_id04529_00186_id04529_wavtolip.wav,fake,00186_id04529_wavtolip,C:\Users\Shivaaya\Desktop\PrsimShieldAI\datasets\FakeAVCeleb_v1.2\FakeAVCeleb_v1.2\FakeVideo-FakeAudio\Asian (South)\women\id04529\00186_id04529_wavtolip.mp4,True,Asian (South)_women_id04529_00186,val
Asian (East)_women_id01451_00099.wav,real,00099,C:\Users\Shivaaya\Desktop\PrsimShieldAI\datasets\FakeAVCeleb_v1.2\FakeAVCeleb_v1.2\RealVideo-RealAudio\Asian (East)\women\id01451\00099.mp4,True,Asian (East)_women_id01451_00099,train
Asian (South)_women_id03985_00005_id07686_lwSGz24c1Bs_faceswap_id07049_wavtolip.wav,fake,00005_id07686_lwSGz24c1Bs_faceswap_id07049_wavtolip,C:\Users\Shivaaya\Desktop\PrsimShieldAI\datasets\FakeAVCeleb_v1.2\FakeAVCeleb_v1.2\FakeVideo-FakeAudio\Asian (South)\women\id03985\00005_id07686_lwSGz24c1Bs_faceswap_id07049_wavtolip.mp4,True,Asian (South)_women_id03985_00005,train
African_men_id02005_00052_id00076_Isiq7cA-DNE_id00830_wavtolip.wav,fake,00052_id00076_Isiq7cA-DNE_id00830_wavtolip,C:\Users\Shivaaya\Desktop\PrsimShieldAI\datasets\FakeAVCeleb_v1.2\FakeAVCeleb_v1.2\FakeVideo-FakeAudio\African\men\id02005\00052_id00076_Isiq7cA-DNE_id00830_wavtolip.mp4,True,African_men_id02005_00052,train
Asian (East)_men_id04687_00066_id06152_wavtolip.wav,fake,00066_id06152_wavtolip,C:\Users\Shivaaya\Desktop\PrsimShieldAI\datasets\FakeAVCeleb_v1.2\FakeAVCeleb_v1.2\FakeVideo-FakeAudio\Asian (East)\men\id04687\00066_id06152_wavtolip.mp4,True,Asian (East)_men_id04687_00066,train
African_men_id01207_00320.wav,real,00320,C:\Users\Shivaaya\Desktop\PrsimShieldAI\datasets\FakeAVCeleb_v1.2\FakeAVCeleb_v1.2\RealVideo-RealAudio\African\men\id01207\00320.mp4,True,African_men_id01207_00320,train
Caucasian (American)_men_id01035_00012_0_id00184_wavtolip.wav,fake,00012_0_id00184_wavtolip,C:\Users\Shivaaya\Desktop\PrsimShieldAI\datasets\FakeAVCeleb_v1.2\FakeAVCeleb_v1.2\FakeVideo-FakeAudio\Caucasian (American)\men\id01035\00012_0_id00184_wavtolip.mp4,True,Caucasian (American)_men_id01035_00012,train
Asian (East)_women_id06158_00015.wav,real,00015,C:\Users\Shivaaya\Desktop\PrsimShieldAI\datasets\FakeAVCeleb_v1.2\FakeAVCeleb_v1.2\RealVideo-RealAudio\Asian (East)\women\id06158\00015.mp4,True,Asian (East)_women_id06158_00015,train
Caucasian (European)_men_id01154_00118_id01099_wavtolip.wav,fake,00118_id01099_wavtolip,C:\Users\Shivaaya\Desktop\PrsimShieldAI\datasets\FakeAVCeleb_v1.2\FakeAVCeleb_v1.2\FakeVideo-FakeAudio\Caucasian (European)\men\id01154\00118_id01099_wavtolip.mp4,True,Caucasian (European)_men_id01154_00118,train
Asian (East)_men_id03965_00051.wav,real,00051,C:\Users\Shivaaya\Desktop\PrsimShieldAI\datasets\FakeAVCeleb_v1.2\FakeAVCeleb_v1.2\RealVideo-RealAudio\Asian (East)\men\id03965\00051.mp4,True,Asian (East)_men_id03965_00051,test
Asian (East)_women_id00763_00074.wav,real,00074,C:\Users\Shivaaya\Desktop\PrsimShieldAI\datasets\FakeAVCeleb_v1.2\FakeAVCeleb_v1.2\RealVideo-RealAudio\Asian (East)\women\id00763\00074.mp4,True,Asian (East)_women_id00763_00074,test
Caucasian (European)_men_id00694_00340_id00535_BhvTIJ-YG5s_id00241_wavtolip.wav,fake,00340_id00535_BhvTIJ-YG5s_id00241_wavtolip,C:\Users\Shivaaya\Desktop\PrsimShieldAI\datasets\FakeAVCeleb_v1.2\FakeAVCeleb_v1.2\FakeVideo-FakeAudio\Caucasian (European)\men\id00694\00340_id00535_BhvTIJ-YG5s_id00241_wavtolip.mp4,True,Caucasian (European)_men_id00694_00340,test
African_women_id04055_00001_id02824_wavtolip.wav,fake,00001_id02824_wavtolip,C:\Users\Shivaaya\Desktop\PrsimShieldAI\datasets\FakeAVCeleb_v1.2\FakeAVCeleb_v1.2\FakeVideo-FakeAudio\African\women\id04055\00001_id02824_wavtolip.mp4,True,African_women_id04055_00001,train
Asian (South)_women_id07051_00083_id06428_A9nvRKd1afA_faceswap_id05434_wavtolip.wav,fake,00083_id06428_A9nvRKd1afA_faceswap_id05434_wavtolip,C:\Users\Shivaaya\Desktop\PrsimShieldAI\datasets\FakeAVCeleb_v1.2\FakeAVCeleb_v1.2\FakeVideo-FakeAudio\Asian (South)\women\id07051\00083_id06428_A9nvRKd1afA_faceswap_id05434_wavtolip.mp4,True,Asian (South)_women_id07051_00083,val
African_men_id01995_00071.wav,real,00071,C:\Users\Shivaaya\Desktop\PrsimShieldAI\datasets\FakeAVCeleb_v1.2\FakeAVCeleb_v1.2\RealVideo-RealAudio\African\men\id01995\00071.mp4,True,African_men_id01995_00071,train
Asian (South)_men_id03344_00114.wav,real,00114,C:\Users\Shivaaya\Desktop\PrsimShieldAI\datasets\FakeAVCeleb_v1.2\FakeAVCeleb_v1.2\RealVideo-RealAudio\Asian (South)\men\id03344\00114.mp4,True,Asian (South)_men_id03344_00114,train
Asian (East)_men_id06594_00002.wav,real,00002,C:\Users\Shivaaya\Desktop\PrsimShieldAI\datasets\FakeAVCeleb_v1.2\FakeAVCeleb_v1.2\RealVideo-RealAudio\Asian (East)\men\id06594\00002.mp4,True,Asian (East)_men_id06594_00002,train
African_women_id00829_00271_id03103_wavtolip.wav,fake,00271_id03103_wavtolip,C:\Users\Shivaaya\Desktop\PrsimShieldAI\datasets\FakeAVCeleb_v1.2\FakeAVCeleb_v1.2\FakeVideo-FakeAudio\African\women\id00829\00271_id03103_wavtolip.mp4,True,African_women_id00829_00271,train
Caucasian (American)_women_id03605_00048_id00145_JveyoCdoCuI_id00231_wavtolip.wav,fake,00048_id00145_JveyoCdoCuI_id00231_wavtolip,C:\Users\Shivaaya\Desktop\PrsimShieldAI\datasets\FakeAVCeleb_v1.2\FakeAVCeleb_v1.2\FakeVideo-FakeAudio\Caucasian (American)\women\id03605\00048_id00145_JveyoCdoCuI_id00231_wavtolip.mp4,True,Caucasian (American)_women_id03605_00048,train
African_women_id04689_00005.wav,real,00005,C:\Users\Shivaaya\Desktop\PrsimShieldAI\datasets\FakeAVCeleb_v1.2\FakeAVCeleb_v1.2\RealVideo-RealAudio\African\women\id04689\00005.mp4,True,African_women_id04689_00005,val
Caucasian (American)_men_id00179_00143_id01239_gJvquKo7kbA_id00184_wavtolip.wav,fake,00143_id01239_gJvquKo7kbA_id00184_wavtolip,C:\Users\Shivaaya\Desktop\PrsimShieldAI\datasets\FakeAVCeleb_v1.2\FakeAVCeleb_v1.2\FakeVideo-FakeAudio\Caucasian (American)\men\id00179\00143_id01239_gJvquKo7kbA_id00184_wavtolip.mp4,True,Caucasian (American)_men_id00179_00143,train
African_women_id00568_00384.wav,real,00384,C:\Users\Shivaaya\Desktop\PrsimShieldAI\datasets\FakeAVCeleb_v1.2\FakeAVCeleb_v1.2\RealVideo-RealAudio\African\women\id00568\00384.mp4,True,African_women_id00568_00384,test
Asian (East)_women_id02587_00020_id02587_wavtolip.wav,fake,00020_id02587_wavtolip,C:\Users\Shivaaya\Desktop\PrsimShieldAI\datasets\FakeAVCeleb_v1.2\FakeAVCeleb_v1.2\FakeVideo-FakeAudio\Asian (East)\women\id02587\00020_id02587_wavtolip.mp4,True,Asian (East)_women_id02587_00020,train
Caucasian (European)_women_id00068_00004_3_id00434_wavtolip.wav,fake,00004_3_id00434_wavtolip,C:\Users\Shivaaya\Desktop\PrsimShieldAI\datasets\FakeAVCeleb_v1.2\FakeAVCeleb_v1.2\FakeVideo-FakeAudio\Caucasian (European)\women\id00068\00004_3_id00434_wavtolip.mp4,True,Caucasian (European)_women_id00068_00004,train
Asian (South)_women_id01026_00083.wav,real,00083,C:\Users\Shivaaya\Desktop\PrsimShieldAI\datasets\FakeAVCeleb_v1.2\FakeAVCeleb_v1.2\RealVideo-RealAudio\Asian (South)\women\id01026\00083.mp4,True,Asian (South)_women_id01026_00083,train
Caucasian (American)_women_id00383_00171_id01217_7lVC4xEK_6E_faceswap_id01227_wavtolip.wav,fake,00171_id01217_7lVC4xEK_6E_faceswap_id01227_wavtolip,C:\Users\Shivaaya\Desktop\PrsimShieldAI\datasets\FakeAVCeleb_v1.2\FakeAVCeleb_v1.2\FakeVideo-FakeAudio\Caucasian (American)\women\id00383\00171_id01217_7lVC4xEK_6E_faceswap_id01227_wavtolip.mp4,True,Caucasian (American)_women_id00383_00171,train
Asian (South)_men_id07182_00040.wav,real,00040,C:\Users\Shivaaya\Desktop\PrsimShieldAI\datasets\FakeAVCeleb_v1.2\FakeAVCeleb_v1.2\RealVideo-RealAudio\Asian (South)\men\id07182\00040.mp4,True,Asian (South)_men_id07182_00040,val
Asian (South)_men_id08313_00202.wav,real,00202,C:\Users\Shivaaya\Desktop\PrsimShieldAI\datasets\FakeAVCeleb_v1.2\FakeAVCeleb_v1.2\RealVideo-RealAudio\Asian (South)\men\id08313\00202.mp4,True,Asian (South)_men_id08313_00202,train
African_men_id02296_00019_id01392_wavtolip.wav,fake,00019_id01392_wavtolip,C:\Users\Shivaaya\Desktop\PrsimShieldAI\datasets\FakeAVCeleb_v1.2\FakeAVCeleb_v1.2\FakeVideo-FakeAudio\African\men\id02296\00019_id01392_wavtolip.mp4,True,African_men_id02296_00019,test
Asian (East)_men_id08299_00110_0_id01204_wavtolip.wav,fake,00110_0_id01204_wavtolip,C:\Users\Shivaaya\Desktop\PrsimShieldAI\datasets\FakeAVCeleb_v1.2\FakeAVCeleb_v1.2\FakeVideo-FakeAudio\Asian (East)\men\id08299\00110_0_id01204_wavtolip.mp4,True,Asian (East)_men_id08299_00110,test
Asian (South)_women_id06268_00159_id07051_d1c0Pl2aP_4_faceswap_id00488_wavtolip.wav,fake,00159_id07051_d1c0Pl2aP_4_faceswap_id00488_wavtolip,C:\Users\Shivaaya\Desktop\PrsimShieldAI\datasets\FakeAVCeleb_v1.2\FakeAVCeleb_v1.2\FakeVideo-FakeAudio\Asian (South)\women\id06268\00159_id07051_d1c0Pl2aP_4_faceswap_id00488_wavtolip.mp4,True,Asian (South)_women_id06268_00159,train
Caucasian (European)_men_id00535_00005.wav,real,00005,C:\Users\Shivaaya\Desktop\PrsimShieldAI\datasets\FakeAVCeleb_v1.2\FakeAVCeleb_v1.2\RealVideo-RealAudio\Caucasian (European)\men\id00535\00005.mp4,True,Caucasian (European)_men_id00535_00005,train
Asian (South)_men_id08457_00417.wav,real,00417,C:\Users\Shivaaya\Desktop\PrsimShieldAI\datasets\FakeAVCeleb_v1.2\FakeAVCeleb_v1.2\RealVideo-RealAudio\Asian (South)\men\id08457\00417.mp4,True,Asian (South)_men_id08457_00417,train
Caucasian (European)_women_id00262_00028.wav,real,00028,C:\Users\Shivaaya\Desktop\PrsimShieldAI\datasets\FakeAVCeleb_v1.2\FakeAVCeleb_v1.2\RealVideo-RealAudio\Caucasian (European)\women\id00262\00028.mp4,True,Caucasian (European)_women_id00262_00028,train
Asian (South)_women_id06439_00118_id00417_GhIZam3v09g_faceswap_id03815_wavtolip.wav,fake,00118_id00417_GhIZam3v09g_faceswap_id03815_wavtolip,C:\Users\Shivaaya\Desktop\PrsimShieldAI\datasets\FakeAVCeleb_v1.2\FakeAVCeleb_v1.2\FakeVideo-FakeAudio\Asian (South)\women\id06439\00118_id00417_GhIZam3v09g_faceswap_id03815_wavtolip.mp4,True,Asian (South)_women_id06439_00118,train
Asian (South)_men_id07108_00412_id00732_wavtolip.wav,fake,00412_id00732_wavtolip,C:\Users\Shivaaya\Desktop\PrsimShieldAI\datasets\FakeAVCeleb_v1.2\FakeAVCeleb_v1.2\FakeVideo-FakeAudio\Asian (South)\men\id07108\00412_id00732_wavtolip.mp4,True,Asian (South)_men_id07108_00412,train
Asian (East)_women_id06054_00010.wav,real,00010,C:\Users\Shivaaya\Desktop\PrsimShieldAI\datasets\FakeAVCeleb_v1.2\FakeAVCeleb_v1.2\RealVideo-RealAudio\Asian (East)\women\id06054\00010.mp4,True,Asian (East)_women_id06054_00010,test
Caucasian (American)_men_id00021_00010.wav,real,00010,C:\Users\Shivaaya\Desktop\PrsimShieldAI\datasets\FakeAVCeleb_v1.2\FakeAVCeleb_v1.2\RealVideo-RealAudio\Caucasian (American)\men\id00021\00010.mp4,True,Caucasian (American)_men_id00021_00010,test
Caucasian (European)_women_id01018_00072.wav,real,00072,C:\Users\Shivaaya\Desktop\PrsimShieldAI\datasets\FakeAVCeleb_v1.2\FakeAVCeleb_v1.2\RealVideo-RealAudio\Caucasian (European)\women\id01018\00072.mp4,True,Caucasian (European)_women_id01018_00072,val
Caucasian (European)_women_id00232_00025.wav,real,00025,C:\Users\Shivaaya\Desktop\PrsimShieldAI\datasets\FakeAVCeleb_v1.2\FakeAVCeleb_v1.2\RealVideo-RealAudio\Caucasian (European)\women\id00232\00025.mp4,True,Caucasian (European)_women_id00232_00025,train
African_men_id01236_00005.wav,real,00005,C:\Users\Shivaaya\Desktop\PrsimShieldAI\datasets\FakeAVCeleb_v1.2\FakeAVCeleb_v1.2\RealVideo-RealAudio\African\men\id01236\00005.mp4,True,African_men_id01236_00005,train
Asian (South)_women_id07236_00143_id05435_OvX-Jv_whcU_faceswap_id05435_wavtolip.wav,fake,00143_id05435_OvX-Jv_whcU_faceswap_id05435_wavtolip,C:\Users\Shivaaya\Desktop\PrsimShieldAI\datasets\FakeAVCeleb_v1.2\FakeAVCeleb_v1.2\FakeVideo-FakeAudio\Asian (South)\women\id07236\00143_id05435_OvX-Jv_whcU_faceswap_id05435_wavtolip.mp4,True,Asian (South)_women_id07236_00143,val
Asian (South)_women_id07686_00254_id03897_wavtolip.wav,fake,00254_id03897_wavtolip,C:\Users\Shivaaya\Desktop\PrsimShieldAI\datasets\FakeAVCeleb_v1.2\FakeAVCeleb_v1.2\FakeVideo-FakeAudio\Asian (South)\women\id07686\00254_id03897_wavtolip.mp4,True,Asian (South)_women_id07686_00254,train
Caucasian (American)_men_id00020_00206.wav,real,00206,C:\Users\Shivaaya\Desktop\PrsimShieldAI\datasets\FakeAVCeleb_v1.2\FakeAVCeleb_v1.2\RealVideo-RealAudio\Caucasian (American)\men\id00020\00206.mp4,True,Caucasian (American)_men_id00020_00206,train
Caucasian (American)_women_id01217_00005_id01223_TO3ym8Gwp7k_id00100_wavtolip.wav,fake,00005_id01223_TO3ym8Gwp7k_id00100_wavtolip,C:\Users\Shivaaya\Desktop\PrsimShieldAI\datasets\FakeAVCeleb_v1.2\FakeAVCeleb_v1.2\FakeVideo-FakeAudio\Caucasian (American)\women\id01217\00005_id01223_TO3ym8Gwp7k_id00100_wavtolip.mp4,True,Caucasian (American)_women_id01217_00005,train
Caucasian (European)_women_id00287_00005.wav,real,00005,C:\Users\Shivaaya\Desktop\PrsimShieldAI\datasets\FakeAVCeleb_v1.2\FakeAVCeleb_v1.2\RealVideo-RealAudio\Caucasian (European)\women\id00287\00005.mp4,True,Caucasian (European)_women_id00287_00005,train
Caucasian (American)_men_id01175_00025.wav,real,00025,C:\Users\Shivaaya\Desktop\PrsimShieldAI\datasets\FakeAVCeleb_v1.2\FakeAVCeleb_v1.2\RealVideo-RealAudio\Caucasian (American)\men\id01175\00025.mp4,True,Caucasian (American)_men_id01175_00025,train
Caucasian (European)_women_id00496_00015.wav,real,00015,C:\Users\Shivaaya\Desktop\PrsimShieldAI\datasets\FakeAVCeleb_v1.2\FakeAVCeleb_v1.2\RealVideo-RealAudio\Caucasian (European)\women\id00496\00015.mp4,True,Caucasian (European)_women_id00496_00015,train
Asian (South)_men_id07768_00143_id08313_wavtolip.wav,fake,00143_id08313_wavtolip,C:\Users\Shivaaya\Desktop\PrsimShieldAI\datasets\FakeAVCeleb_v1.2\FakeAVCeleb_v1.2\FakeVideo-FakeAudio\Asian (South)\men\id07768\00143_id08313_wavtolip.mp4,True,Asian (South)_men_id07768_00143,train
Asian (South)_men_id04560_00195.wav,real,00195,C:\Users\Shivaaya\Desktop\PrsimShieldAI\datasets\FakeAVCeleb_v1.2\FakeAVCeleb_v1.2\RealVideo-RealAudio\Asian (South)\men\id04560\00195.mp4,True,Asian (South)_men_id04560_00195,val
African_men_id01392_00167.wav,real,00167,C:\Users\Shivaaya\Desktop\PrsimShieldAI\datasets\FakeAVCeleb_v1.2\FakeAVCeleb_v1.2\RealVideo-RealAudio\African\men\id01392\00167.mp4,True,African_men_id01392_00167,train
African_men_id02051_00015.wav,real,00015,C:\Users\Shivaaya\Desktop\PrsimShieldAI\datasets\FakeAVCeleb_v1.2\FakeAVCeleb_v1.2\RealVideo-RealAudio\African\men\id02051\00015.mp4,True,African_men_id02051_00015,train
African_men_id01530_00002_id00076_wavtolip.wav,fake,00002_id00076_wavtolip,C:\Users\Shivaaya\Desktop\PrsimShieldAI\datasets\FakeAVCeleb_v1.2\FakeAVCeleb_v1.2\FakeVideo-FakeAudio\African\men\id01530\00002_id00076_wavtolip.mp4,True,African_men_id01530_00002,train
Caucasian (European)_women_id03649_00001_id00633_UXrTMta1EDM_id00287_wavtolip.wav,fake,00001_id00633_UXrTMta1EDM_id00287_wavtolip,C:\Users\Shivaaya\Desktop\PrsimShieldAI\datasets\FakeAVCeleb_v1.2\FakeAVCeleb_v1.2\FakeVideo-FakeAudio\Caucasian (European)\women\id03649\00001_id00633_UXrTMta1EDM_id00287_wavtolip.mp4,True,Caucasian (European)_women_id03649_00001,test
Caucasian (European)_men_id00266_00470_id00999_SjnM4XFBz0M_id00183_wavtolip.wav,fake,00470_id00999_SjnM4XFBz0M_id00183_wavtolip,C:\Users\Shivaaya\Desktop\PrsimShieldAI\datasets\FakeAVCeleb_v1.2\FakeAVCeleb_v1.2\FakeVideo-FakeAudio\Caucasian (European)\men\id00266\00470_id00999_SjnM4XFBz0M_id00183_wavtolip.mp4,True,Caucasian (European)_men_id00266_00470,train
Asian (South)_women_id07049_00043_id03815_wavtolip.wav,fake,00043_id03815_wavtolip,C:\Users\Shivaaya\Desktop\PrsimShieldAI\datasets\FakeAVCeleb_v1.2\FakeAVCeleb_v1.2\FakeVideo-FakeAudio\Asian (South)\women\id07049\00043_id03815_wavtolip.mp4,True,Asian (South)_women_id07049_00043,train
African_men_id01076_00005.wav,real,00005,C:\Users\Shivaaya\Desktop\PrsimShieldAI\datasets\FakeAVCeleb_v1.2\FakeAVCeleb_v1.2\RealVideo-RealAudio\African\men\id01076\00005.mp4,True,African_men_id01076_00005,test
Asian (South)_men_id06753_00021_id07058_JXJTxhrICl0_id07463_wavtolip.wav,fake,00021_id07058_JXJTxhrICl0_id07463_wavtolip,C:\Users\Shivaaya\Desktop\PrsimShieldAI\datasets\FakeAVCeleb_v1.2\FakeAVCeleb_v1.2\FakeVideo-FakeAudio\Asian (South)\men\id06753\00021_id07058_JXJTxhrICl0_id07463_wavtolip.mp4,True,Asian (South)_men_id06753_00021,test
Asian (South)_men_id00350_00015_id06354_PmWLmcJNUhM_faceswap_id03180_wavtolip.wav,fake,00015_id06354_PmWLmcJNUhM_faceswap_id03180_wavtolip,C:\Users\Shivaaya\Desktop\PrsimShieldAI\datasets\FakeAVCeleb_v1.2\FakeAVCeleb_v1.2\FakeVideo-FakeAudio\Asian (South)\men\id00350\00015_id06354_PmWLmcJNUhM_faceswap_id03180_wavtolip.mp4,True,Asian (South)_men_id00350_00015,train
African_men_id01528_00017_id01452_4MqeoSxSy3w_faceswap_id00701_wavtolip.wav,fake,00017_id01452_4MqeoSxSy3w_faceswap_id00701_wavtolip,C:\Users\Shivaaya\Desktop\PrsimShieldAI\datasets\FakeAVCeleb_v1.2\FakeAVCeleb_v1.2\FakeVideo-FakeAudio\African\men\id01528\00017_id01452_4MqeoSxSy3w_faceswap_id00701_wavtolip.mp4,True,African_men_id01528_00017,train
Caucasian (American)_women_id03781_00113.wav,real,00113,C:\Users\Shivaaya\Desktop\PrsimShieldAI\datasets\FakeAVCeleb_v1.2\FakeAVCeleb_v1.2\RealVideo-RealAudio\Caucasian (American)\women\id03781\00113.mp4,True,Caucasian (American)_women_id03781_00113,train
African_women_id03656_00052_id02948__ZEDGNWjuFE_id03656_wavtolip.wav,fake,00052_id02948__ZEDGNWjuFE_id03656_wavtolip,C:\Users\Shivaaya\Desktop\PrsimShieldAI\datasets\FakeAVCeleb_v1.2\FakeAVCeleb_v1.2\FakeVideo-FakeAudio\African\women\id03656\00052_id02948__ZEDGNWjuFE_id03656_wavtolip.mp4,True,African_women_id03656_00052,train
Asian (East)_women_id01281_00040_id08139_wavtolip.wav,fake,00040_id08139_wavtolip,C:\Users\Shivaaya\Desktop\PrsimShieldAI\datasets\FakeAVCeleb_v1.2\FakeAVCeleb_v1.2\FakeVideo-FakeAudio\Asian (East)\women\id01281\00040_id08139_wavtolip.mp4,True,Asian (East)_women_id01281_00040,val
Caucasian (American)_women_id00098_00004_id01231_wavtolip.wav,fake,00004_id01231_wavtolip,C:\Users\Shivaaya\Desktop\PrsimShieldAI\datasets\FakeAVCeleb_v1.2\FakeAVCeleb_v1.2\FakeVideo-FakeAudio\Caucasian (American)\women\id00098\00004_id01231_wavtolip.mp4,True,Caucasian (American)_women_id00098_00004,train
Asian (South)_women_id03559_00023_id05845_XfMHm6CEwPw_id04529_wavtolip.wav,fake,00023_id05845_XfMHm6CEwPw_id04529_wavtolip,C:\Users\Shivaaya\Desktop\PrsimShieldAI\datasets\FakeAVCeleb_v1.2\FakeAVCeleb_v1.2\FakeVideo-FakeAudio\Asian (South)\women\id03559\00023_id05845_XfMHm6CEwPw_id04529_wavtolip.mp4,True,Asian (South)_women_id03559_00023,train
Caucasian (American)_men_id04216_00470.wav,real,00470,C:\Users\Shivaaya\Desktop\PrsimShieldAI\datasets\FakeAVCeleb_v1.2\FakeAVCeleb_v1.2\RealVideo-RealAudio\Caucasian (American)\men\id04216\00470.mp4,True,Caucasian (American)_men_id04216_00470,train
African_women_id04547_00052_id00568_wavtolip.wav,fake,00052_id00568_wavtolip,C:\Users\Shivaaya\Desktop\PrsimShieldAI\datasets\FakeAVCeleb_v1.2\FakeAVCeleb_v1.2\FakeVideo-FakeAudio\African\women\id04547\00052_id00568_wavtolip.mp4,True,African_women_id04547_00052,train
Caucasian (European)_men_id01156_00078_id00292_wavtolip.wav,fake,00078_id00292_wavtolip,C:\Users\Shivaaya\Desktop\PrsimShieldAI\datasets\FakeAVCeleb_v1.2\FakeAVCeleb_v1.2\FakeVideo-FakeAudio\Caucasian (European)\men\id01156\00078_id00292_wavtolip.mp4,True,Caucasian (European)_men_id01156_00078,train
Asian (East)_men_id09053_00005.wav,real,00005,C:\Users\Shivaaya\Desktop\PrsimShieldAI\datasets\FakeAVCeleb_v1.2\FakeAVCeleb_v1.2\RealVideo-RealAudio\Asian (East)\men\id09053\00005.mp4,True,Asian (East)_men_id09053_00005,test
Caucasian (American)_women_id01075_00160_3_id00842_wavtolip.wav,fake,00160_3_id00842_wavtolip,C:\Users\Shivaaya\Desktop\PrsimShieldAI\datasets\FakeAVCeleb_v1.2\FakeAVCeleb_v1.2\FakeVideo-FakeAudio\Caucasian (American)\women\id01075\00160_3_id00842_wavtolip.mp4,True,Caucasian (American)_women_id01075_00160,train
Asian (East)_men_id02553_00043_id02561_wavtolip.wav,fake,00043_id02561_wavtolip,C:\Users\Shivaaya\Desktop\PrsimShieldAI\datasets\FakeAVCeleb_v1.2\FakeAVCeleb_v1.2\FakeVideo-FakeAudio\Asian (East)\men\id02553\00043_id02561_wavtolip.mp4,True,Asian (East)_men_id02553_00043,train
Caucasian (American)_men_id00087_00002.wav,real,00002,C:\Users\Shivaaya\Desktop\PrsimShieldAI\datasets\FakeAVCeleb_v1.2\FakeAVCeleb_v1.2\RealVideo-RealAudio\Caucasian (American)\men\id00087\00002.mp4,True,Caucasian (American)_men_id00087_00002,train
Asian (East)_women_id06225_00005.wav,real,00005,C:\Users\Shivaaya\Desktop\PrsimShieldAI\datasets\FakeAVCeleb_v1.2\FakeAVCeleb_v1.2\RealVideo-RealAudio\Asian (East)\women\id06225\00005.mp4,True,Asian (East)_women_id06225_00005,test
African_women_id04689_00005_id04374_SWltOOZmlWM_id02071_wavtolip.wav,fake,00005_id04374_SWltOOZmlWM_id02071_wavtolip,C:\Users\Shivaaya\Desktop\PrsimShieldAI\datasets\FakeAVCeleb_v1.2\FakeAVCeleb_v1.2\FakeVideo-FakeAudio\African\women\id04689\00005_id04374_SWltOOZmlWM_id02071_wavtolip.mp4,True,African_women_id04689_00005,train
Caucasian (American)_men_id00020_00206_id01210_wavtolip.wav,fake,00206_id01210_wavtolip,C:\Users\Shivaaya\Desktop\PrsimShieldAI\datasets\FakeAVCeleb_v1.2\FakeAVCeleb_v1.2\FakeVideo-FakeAudio\Caucasian (American)\men\id00020\00206_id01210_wavtolip.mp4,True,Caucasian (American)_men_id00020_00206,val
Caucasian (European)_women_id00897_00005_id01002_wavtolip.wav,fake,00005_id01002_wavtolip,C:\Users\Shivaaya\Desktop\PrsimShieldAI\datasets\FakeAVCeleb_v1.2\FakeAVCeleb_v1.2\FakeVideo-FakeAudio\Caucasian (European)\women\id00897\00005_id01002_wavtolip.mp4,True,Caucasian (European)_women_id00897_00005,train
Asian (East)_women_id07901_00040.wav,real,00040,C:\Users\Shivaaya\Desktop\PrsimShieldAI\datasets\FakeAVCeleb_v1.2\FakeAVCeleb_v1.2\RealVideo-RealAudio\Asian (East)\women\id07901\00040.mp4,True,Asian (East)_women_id07901_00040,train
Asian (South)_men_id03599_00072.wav,real,00072,C:\Users\Shivaaya\Desktop\PrsimShieldAI\datasets\FakeAVCeleb_v1.2\FakeAVCeleb_v1.2\RealVideo-RealAudio\Asian (South)\men\id03599\00072.mp4,True,Asian (South)_men_id03599_00072,train
Asian (East)_women_id06066_00028.wav,real,00028,C:\Users\Shivaaya\Desktop\PrsimShieldAI\datasets\FakeAVCeleb_v1.2\FakeAVCeleb_v1.2\RealVideo-RealAudio\Asian (East)\women\id06066\00028.mp4,True,Asian (East)_women_id06066_00028,train
Caucasian (American)_women_id00190_00072.wav,real,00072,C:\Users\Shivaaya\Desktop\PrsimShieldAI\datasets\FakeAVCeleb_v1.2\FakeAVCeleb_v1.2\RealVideo-RealAudio\Caucasian (American)\women\id00190\00072.mp4,True,Caucasian (American)_women_id00190_00072,test
Asian (South)_women_id06254_00043.wav,real,00043,C:\Users\Shivaaya\Desktop\PrsimShieldAI\datasets\FakeAVCeleb_v1.2\FakeAVCeleb_v1.2\RealVideo-RealAudio\Asian (South)\women\id06254\00043.mp4,True,Asian (South)_women_id06254_00043,train
Asian (East)_women_id09181_00048.wav,real,00048,C:\Users\Shivaaya\Desktop\PrsimShieldAI\datasets\FakeAVCeleb_v1.2\FakeAVCeleb_v1.2\RealVideo-RealAudio\Asian (East)\women\id09181\00048.mp4,True,Asian (East)_women_id09181_00048,train
Asian (South)_women_id06437_00028_id04529_wavtolip.wav,fake,00028_id04529_wavtolip,C:\Users\Shivaaya\Desktop\PrsimShieldAI\datasets\FakeAVCeleb_v1.2\FakeAVCeleb_v1.2\FakeVideo-FakeAudio\Asian (South)\women\id06437\00028_id04529_wavtolip.mp4,True,Asian (South)_women_id06437_00028,test
Caucasian (American)_women_id02464_00002.wav,real,00002,C:\Users\Shivaaya\Desktop\PrsimShieldAI\datasets\FakeAVCeleb_v1.2\FakeAVCeleb_v1.2\RealVideo-RealAudio\Caucasian (American)\women\id02464\00002.mp4,True,Caucasian (American)_women_id02464_00002,train
Asian (East)_men_id00863_00069.wav,real,00069,C:\Users\Shivaaya\Desktop\PrsimShieldAI\datasets\FakeAVCeleb_v1.2\FakeAVCeleb_v1.2\RealVideo-RealAudio\Asian (East)\men\id00863\00069.mp4,True,Asian (East)_men_id00863_00069,val
African_women_id00359_00053_id01838_q_lUk55OrL0_faceswap_id04736_wavtolip.wav,fake,00053_id01838_q_lUk55OrL0_faceswap_id04736_wavtolip,C:\Users\Shivaaya\Desktop\PrsimShieldAI\datasets\FakeAVCeleb_v1.2\FakeAVCeleb_v1.2\FakeVideo-FakeAudio\African\women\id00359\00053_id01838_q_lUk55OrL0_faceswap_id04736_wavtolip.mp4,True,African_women_id00359_00053,train
African_men_id01933_00028.wav,real,00028,C:\Users\Shivaaya\Desktop\PrsimShieldAI\datasets\FakeAVCeleb_v1.2\FakeAVCeleb_v1.2\RealVideo-RealAudio\African\men\id01933\00028.mp4,True,African_men_id01933_00028,val
Asian (East)_women_id01281_00040.wav,real,00040,C:\Users\Shivaaya\Desktop\PrsimShieldAI\datasets\FakeAVCeleb_v1.2\FakeAVCeleb_v1.2\RealVideo-RealAudio\Asian (East)\women\id01281\00040.mp4,True,Asian (East)_women_id01281_00040,test
Asian (South)_men_id00745_00165.wav,real,00165,C:\Users\Shivaaya\Desktop\PrsimShieldAI\datasets\FakeAVCeleb_v1.2\FakeAVCeleb_v1.2\RealVideo-RealAudio\Asian (South)\men\id00745\00165.mp4,True,Asian (South)_men_id00745_00165,train
Asian (South)_men_id00816_00118_id00414_wavtolip (1).wav,fake,00118_id00414_wavtolip (1),C:\Users\Shivaaya\Desktop\PrsimShieldAI\datasets\FakeAVCeleb_v1.2\FakeAVCeleb_v1.2\FakeVideo-FakeAudio\Asian (South)\men\id00816\00118_id00414_wavtolip (1).mp4,True,Asian (South)_men_id00816_00118,train
Asian (South)_women_id04530_00231.wav,real,00231,C:\Users\Shivaaya\Desktop\PrsimShieldAI\datasets\FakeAVCeleb_v1.2\FakeAVCeleb_v1.2\RealVideo-RealAudio\Asian (South)\women\id04530\00231.mp4,True,Asian (South)_women_id04530_00231,train
Asian (South)_men_id07165_00368_id00459_ubskcDDe7kM_id00732_wavtolip.wav,fake,00368_id00459_ubskcDDe7kM_id00732_wavtolip,C:\Users\Shivaaya\Desktop\PrsimShieldAI\datasets\FakeAVCeleb_v1.2\FakeAVCeleb_v1.2\FakeVideo-FakeAudio\Asian (South)\men\id07165\00368_id00459_ubskcDDe7kM_id00732_wavtolip.mp4,True,Asian (South)_men_id07165_00368,train
Caucasian (American)_men_id00179_00143.wav,real,00143,C:\Users\Shivaaya\Desktop\PrsimShieldAI\datasets\FakeAVCeleb_v1.2\FakeAVCeleb_v1.2\RealVideo-RealAudio\Caucasian (American)\men\id00179\00143.mp4,True,Caucasian (American)_men_id00179_00143,train
Caucasian (American)_men_id00243_00037_id01182_zca-PHR_U40_id03525_wavtolip.wav,fake,00037_id01182_zca-PHR_U40_id03525_wavtolip,C:\Users\Shivaaya\Desktop\PrsimShieldAI\datasets\FakeAVCeleb_v1.2\FakeAVCeleb_v1.2\FakeVideo-FakeAudio\Caucasian (American)\men\id00243\00037_id01182_zca-PHR_U40_id03525_wavtolip.mp4,True,Caucasian (American)_men_id00243_00037,train
Asian (South)_women_id06438_00110_id07686_wavtolip.wav,fake,00110_id07686_wavtolip,C:\Users\Shivaaya\Desktop\PrsimShieldAI\datasets\FakeAVCeleb_v1.2\FakeAVCeleb_v1.2\FakeVideo-FakeAudio\Asian (South)\women\id06438\00110_id07686_wavtolip.mp4,True,Asian (South)_women_id06438_00110,val
African_men_id00478_00206.wav,real,00206,C:\Users\Shivaaya\Desktop\PrsimShieldAI\datasets\FakeAVCeleb_v1.2\FakeAVCeleb_v1.2\RealVideo-RealAudio\African\men\id00478\00206.mp4,True,African_men_id00478_00206,train
Caucasian (European)_women_id00826_00065.wav,real,00065,C:\Users\Shivaaya\Desktop\PrsimShieldAI\datasets\FakeAVCeleb_v1.2\FakeAVCeleb_v1.2\RealVideo-RealAudio\Caucasian (European)\women\id00826\00065.mp4,True,Caucasian (European)_women_id00826_00065,val
Caucasian (European)_men_id00186_00120.wav,real,00120,C:\Users\Shivaaya\Desktop\PrsimShieldAI\datasets\FakeAVCeleb_v1.2\FakeAVCeleb_v1.2\RealVideo-RealAudio\Caucasian (European)\men\id00186\00120.mp4,True,Caucasian (European)_men_id00186_00120,train
African_women_id04540_00078.wav,real,00078,C:\Users\Shivaaya\Desktop\PrsimShieldAI\datasets\FakeAVCeleb_v1.2\FakeAVCeleb_v1.2\RealVideo-RealAudio\African\women\id04540\00078.mp4,True,African_women_id04540_00078,test
African_men_id01637_00002.wav,real,00002,C:\Users\Shivaaya\Desktop\PrsimShieldAI\datasets\FakeAVCeleb_v1.2\FakeAVCeleb_v1.2\RealVideo-RealAudio\African\men\id01637\00002.mp4,True,African_men_id01637_00002,train
African_men_id00781_00092.wav,real,00092,C:\Users\Shivaaya\Desktop\PrsimShieldAI\datasets\FakeAVCeleb_v1.2\FakeAVCeleb_v1.2\RealVideo-RealAudio\African\men\id00781\00092.mp4,True,African_men_id00781_00092,train
Caucasian (American)_women_id01238_00037.wav,real,00037,C:\Users\Shivaaya\Desktop\PrsimShieldAI\datasets\FakeAVCeleb_v1.2\FakeAVCeleb_v1.2\RealVideo-RealAudio\Caucasian (American)\women\id01238\00037.mp4,True,Caucasian (American)_women_id01238_00037,test
Asian (South)_men_id07463_00028.wav,real,00028,C:\Users\Shivaaya\Desktop\PrsimShieldAI\datasets\FakeAVCeleb_v1.2\FakeAVCeleb_v1.2\RealVideo-RealAudio\Asian (South)\men\id07463\00028.mp4,True,Asian (South)_men_id07463_00028,train
Caucasian (European)_women_id00826_00065_id00325_wavtolip.wav,fake,00065_id00325_wavtolip,C:\Users\Shivaaya\Desktop\PrsimShieldAI\datasets\FakeAVCeleb_v1.2\FakeAVCeleb_v1.2\FakeVideo-FakeAudio\Caucasian (European)\women\id00826\00065_id00325_wavtolip.mp4,True,Caucasian (European)_women_id00826_00065,train
African_women_id02617_00028.wav,real,00028,C:\Users\Shivaaya\Desktop\PrsimShieldAI\datasets\FakeAVCeleb_v1.2\FakeAVCeleb_v1.2\RealVideo-RealAudio\African\women\id02617\00028.mp4,True,African_women_id02617_00028,train
African_women_id03713_00249_id03103_wiCYm3THQPw_id04820_wavtolip.wav,fake,00249_id03103_wiCYm3THQPw_id04820_wavtolip,C:\Users\Shivaaya\Desktop\PrsimShieldAI\datasets\FakeAVCeleb_v1.2\FakeAVCeleb_v1.2\FakeVideo-FakeAudio\African\women\id03713\00249_id03103_wiCYm3THQPw_id04820_wavtolip.mp4,True,African_women_id03713_00249,train
Asian (South)_women_id07686_00254.wav,real,00254,C:\Users\Shivaaya\Desktop\PrsimShieldAI\datasets\FakeAVCeleb_v1.2\FakeAVCeleb_v1.2\RealVideo-RealAudio\Asian (South)\women\id07686\00254.mp4,True,Asian (South)_women_id07686_00254,train
African_men_id01452_00001.wav,real,00001,C:\Users\Shivaaya\Desktop\PrsimShieldAI\datasets\FakeAVCeleb_v1.2\FakeAVCeleb_v1.2\RealVideo-RealAudio\African\men\id01452\00001.mp4,True,African_men_id01452_00001,train
African_women_id02824_00130.wav,real,00130,C:\Users\Shivaaya\Desktop\PrsimShieldAI\datasets\FakeAVCeleb_v1.2\FakeAVCeleb_v1.2\RealVideo-RealAudio\African\women\id02824\00130.mp4,True,African_women_id02824_00130,train
Caucasian (European)_men_id00548_00015_id00594_wavtolip.wav,fake,00015_id00594_wavtolip,C:\Users\Shivaaya\Desktop\PrsimShieldAI\datasets\FakeAVCeleb_v1.2\FakeAVCeleb_v1.2\FakeVideo-FakeAudio\Caucasian (European)\men\id00548\00015_id00594_wavtolip.mp4,True,Caucasian (European)_men_id00548_00015,val
Caucasian (American)_men_id00029_00288.wav,real,00288,C:\Users\Shivaaya\Desktop\PrsimShieldAI\datasets\FakeAVCeleb_v1.2\FakeAVCeleb_v1.2\RealVideo-RealAudio\Caucasian (American)\men\id00029\00288.mp4,True,Caucasian (American)_men_id00029_00288,test
Asian (South)_women_id07051_00083.wav,real,00083,C:\Users\Shivaaya\Desktop\PrsimShieldAI\datasets\FakeAVCeleb_v1.2\FakeAVCeleb_v1.2\RealVideo-RealAudio\Asian (South)\women\id07051\00083.mp4,True,Asian (South)_women_id07051_00083,train
